date,name,code,title,rating,target_price,institution,url,2025-盈利预测-收益,2025-盈利预测-市盈率,2026-盈利预测-收益,2026-盈利预测-市盈率,2027-盈利预测-收益,2027-盈利预测-市盈率
2026-04-19,贵州茅台,600519,2025年释放经营压力，2026年改革破局,增持,,国信证券,,,,67.6,21.6,72.15,20.3
2026-04-17,贵州茅台,600519,超预期出清，市场化改革持续推进,买入,,国金证券,,,,68.517,21.3,72.183,20.3
2026-04-17,贵州茅台,600519,面对承压，坚定改革,买入,,信达证券,,,,69.33,21.1,72.45,20.19
2026-04-09,贵州茅台,600519,推进价格市场化改革，助力2026年稳增长,买入,,中邮证券,,70.93,20.3,74.5,19.33,80.03,17.99
2026-04-07,贵州茅台,600519,公司信息更新报告：提振行业信心，增强业绩保障,买入,,开源证券,,73.02,19.9,77.75,18.6,82.18,17.6
2026-04-02,贵州茅台,600519,淡季提价，渠道结构持续调整，市场化导向明确,买入,,中银证券,,72.31,20.2,75.8,19.3,80.93,18.0
2026-04-01,贵州茅台,600519,首次覆盖报告：推进市场化改革，龙头持续变革转型,买入,,爱建证券,,73.79,19.65,77.05,18.82,81.01,17.9
2026-04-01,贵州茅台,600519,提价点评：价格市场化改革再尝试，提价进一步增厚业绩,买入,,东兴证券,,71.99,19.73,74.65,19.02,77.91,18.23
2026-03-31,贵州茅台,600519,市场化改革下的价格体系重构,买入,,信达证券,,72.26,20.07,75.52,19.2,78.71,18.42
2026-03-31,贵州茅台,600519,飞天茅台调价，市场化改革持续推进,买入,,国金证券,,71.067,20.0,73.886,19.2,77.489,18.3
2026-03-23,贵州茅台,600519,市场化转型专题：量价归位与渠道重构,买入,,国金证券,,71.067,20.3,73.886,19.6,77.489,18.6
2026-03-19,贵州茅台,600519,革故鼎新，与时偕行，再论茅台的护城河与增长潜力,增持,,国信证券,,71.28,20.5,71.26,20.5,72.78,20.1
2026-03-17,贵州茅台,600519,步入2C新时代，降维竞争持续成长,买入,,东吴证券,,71.96,20.29,71.98,20.29,75.05,19.46
2026-03-03,贵州茅台,600519,营销改革复盘专题：笃行不怠，臻于至善,买入,,东吴证券,,71.96,20.01,71.98,20.01,75.05,19.19
2026-03-02,贵州茅台,600519,经营拐点已至，白酒消费新常态强者恒强,买入,,华源证券,,72.55,20.06,77.85,18.69,84.02,17.32
2026-01-15,贵州茅台,600519,市场化运营方案披露，产品渠道运营全方位改革,买入,,中邮证券,,72.36,19.32,74.47,18.77,79.32,17.63
2026-01-05,贵州茅台,600519,全面推进市场化转型，解决供需适配问题,增持,,国信证券,,72.01,19.1,72.04,19.1,73.07,18.8
2025-12-31,贵州茅台,600519,2026加速营销转型，多元渠道构建更进一步,买入,,东吴证券,,71.99,19.3,72.7,19.12,74.17,18.74
2025-12-14,贵州茅台,600519,量价调控思路清晰，长期韧性值得信赖,买入,,东吴证券,,71.99,19.73,72.7,19.54,74.17,19.15
2025-12-09,贵州茅台,600519,股东大会强调高质量发展，聚焦渠道稳定性，稳步推进改革,买入,,中银证券,,72.31,19.6,75.8,18.7,80.93,17.5
2025-11-06,贵州茅台,600519,事件点评：多措并举，彰显龙头担当,买入,,东莞证券,,72.41,19.61,76.74,18.51,81.94,17.33
2025-11-05,贵州茅台,600519,收入保持韧性，底部价值凸显,买入,,东兴证券,,71.68,19.94,75.32,18.97,79.61,17.95
2025-11-05,贵州茅台,600519,公司事件点评报告：释放渠道压力，主动降速保障良性经营,买入,,华鑫证券,,72.46,19.7,77.08,18.5,82.35,17.4
2025-11-05,贵州茅台,600519,营收利润基本符合预期，静待需求改善,买入,,中邮证券,,72.36,19.83,76.53,18.75,82.0,17.5
2025-11-05,贵州茅台,600519,经销贡献收入，期待需求逐步改善,买入,,山西证券,,72.24,19.8,77.71,18.4,84.01,17.0
2025-11-04,贵州茅台,600519,2025年三季报点评：外部需求疲软，Q3收入环比降速,买入,,西南证券,,72.33,19.77,78.4,18.24,84.78,16.87
2025-11-03,贵州茅台,600519,公司信息更新报告：三季度收入放缓，蓄力健康长远,买入,,开源证券,,73.02,19.6,77.75,18.4,82.18,17.4
2025-11-02,贵州茅台,600519,贵州茅台25Q3点评：顺应市场，行稳致远,买入,,华安证券,,72.13,19.82,75.71,18.89,80.84,17.69
2025-11-02,贵州茅台,600519,贵州茅台：Q3主动降速，奠定健康发展基石,增持,,太平洋,,72.89,19.64,76.93,18.61,80.79,17.72
2025-10-31,贵州茅台,600519,2025年三季报点评：降速纾压 理性增长,买入,,民生证券,,72.34,20.0,76.02,19.0,80.14,18.0
2025-10-31,贵州茅台,600519,点评报告：三季度茅台酒稳健增长，系列酒承压,增持,,万联证券,,73.88,19.38,80.61,17.76,87.95,16.28
2025-10-31,贵州茅台,600519,2025年三季报点评：结构压力逐步释放，费效管控边际加强,买入,,东吴证券,,72.01,19.88,74.47,19.23,77.43,18.49
2025-10-30,贵州茅台,600519,2025Q3收入同比持平，经营理性务实、行稳致远,增持,,国信证券,,72.12,19.9,75.79,18.9,80.02,17.9
2025-10-30,贵州茅台,600519,2025年三季报点评：务实降速，蓄力前行,买入,,东莞证券,,72.41,19.78,76.74,18.66,81.94,17.47
2025-10-30,贵州茅台,600519,务实降速，坚韧前行,买入,,信达证券,,72.27,19.81,75.83,18.88,79.74,17.96
2025-10-30,贵州茅台,600519,理性降速，关注龙头底部价值,买入,,国金证券,,72.329,19.8,76.032,18.8,79.951,17.9
2025-10-28,000001,000001,2025年三季报点评：三季度息差阶段企稳，资产质量总体平稳,买入,,东兴证券,,2.22,5.21,2.24,5.17,2.32,4.98
2025-08-27,000001,000001,2025年半年报点评：盈利降幅收窄，零售资产质量改善,买入,,东兴证券,,2.22,5.61,2.24,5.56,2.32,5.37
2025-08-19,贵州茅台,600519,点评报告：茅台酒韧性强而系列酒承压，直销渠道增速亮眼,增持,,万联证券,,74.97,19.18,81.81,17.58,89.27,16.11
2025-08-19,贵州茅台,600519,2季度业绩环比降速，公司主动调整纾压，经营节奏稳健,买入,,中银证券,,73.8,19.4,78.2,18.3,83.2,17.2
2025-08-18,贵州茅台,600519,2025年中报点评：25H1收入平稳增长，谋求长期高质量发展,买入,,西南证券,,74.87,18.97,81.1,17.51,87.63,16.21
2025-08-14,贵州茅台,600519,龙头韧性凸显，配置价值突出,增持,,海通国际,,74.68,19.01,82.65,17.18,91.9,15.45
2025-08-14,贵州茅台,600519,龙头业绩稳健，全年目标完成可期,买入,,东兴证券,,74.06,19.17,82.18,17.28,90.76,15.65
2025-08-14,贵州茅台,600519,贵州茅台2025年中报点评：茅台高端地位稳固，中端白酒竞争激烈,买入,,诚通证券,,75.39,18.8,81.18,17.5,85.02,16.7
2025-08-14,贵州茅台,600519,2025年半年报点评：增速降档适配需求 茅台酒韧性凸显,买入,,民生证券,,75.43,19.0,82.0,17.0,88.87,16.0
2025-08-14,贵州茅台,600519,贵州茅台：业绩符合预期，茅台酒表现稳健,增持,,太平洋,,75.22,19.1,82.48,17.42,89.6,16.04
2025-08-13,贵州茅台,600519,公司事件点评报告：定海神针稳，时间换空间,买入,,华鑫证券,,74.81,19.2,81.16,17.7,87.68,16.4
2025-08-13,贵州茅台,600519,贵州茅台2025Q2点评：经营触底相对稳健,买入,,华安证券,,74.78,18.99,81.22,17.48,86.83,16.35
2025-08-13,贵州茅台,600519,迎难而上求变，完成既定任务,买入,,信达证券,,74.54,19.28,79.7,18.03,84.49,17.01
2025-08-13,贵州茅台,600519,2025年半年报点评：业绩稳健增长，彰显龙头韧性,买入,,东莞证券,,74.61,19.26,79.76,18.02,84.82,16.94
2025-08-13,贵州茅台,600519,2025年中报点评：茅台酒节奏稳健，系列酒边际承压,买入,,东吴证券,,74.22,19.36,76.85,18.7,81.99,17.53
2025-08-13,贵州茅台,600519,Q2业绩稳步兑现，看好龙头配置价值,买入,,国金证券,,74.39,19.3,78.674,18.3,83.882,17.1
2025-08-13,贵州茅台,600519,2025Q2收入同比增长9.2%，公司根据市场调整产品结构,增持,,国信证券,,74.16,19.4,76.9,18.7,81.35,17.7
2025-08-13,贵州茅台,600519,营收利润符合预期，经营韧性突显,买入,,中邮证券,,74.95,19.17,82.76,17.36,91.61,15.69
2025-05-26,贵州茅台,600519,2024年股东大会点评：韧性生长，价值升维,买入,,第一上海证券,,75.7,20.8,82.4,19.1,89.7,17.5
2025-05-22,贵州茅台,600519,理性务实，保持定力,买入,,东吴证券,,74.19,21.3,80.35,19.66,87.79,18.0
2025-05-12,贵州茅台,600519,将因中国资产价值重估而显著受益,增持,,海通国际,,75.84,20.98,83.55,19.05,92.88,17.13
2025-05-06,贵州茅台,600519,收入利润略超预期，全年有望实现稳健增长,买入,,中邮证券,,74.95,20.64,82.76,18.69,91.61,16.89
2025-05-05,贵州茅台,600519,公司信息更新报告：收入业绩略超预期，彰显龙头韧性,买入,,开源证券,,76.1,20.3,84.27,18.3,91.07,17.0
2025-05-03,贵州茅台,600519,25Q1收入双位数成长，顺利实现开门红,买入,,西南证券,,,,,,,
2025-05-02,贵州茅台,600519,公司事件点评报告：业绩略超预期，彰显龙头韧性,买入,,华鑫证券,,75.23,20.6,81.66,18.9,88.0,17.6
2025-04-30,贵州茅台,600519,抢抓开门红，同心谋转型,买入,,信达证券,,75.12,20.55,81.94,18.84,89.25,17.3
2025-04-30,贵州茅台,600519,Q1业绩超预期，龙头持续变革转型,买入,,国金证券,,,,,,,
2025-04-30,贵州茅台,600519,2025年一季报点评：节奏得当，开局顺利,买入,,东吴证券,,74.19,20.81,80.35,19.21,87.79,17.59
2025-04-30,贵州茅台,600519,2025年一季报点评：顺利实现开门红，增长势能延续,买入,,东莞证券,,74.63,20.69,81.57,18.93,88.9,17.37
2025-04-30,贵州茅台,600519,2025Q1收入同比增长10.7%，销售收现表现较好,增持,,国信证券,,75.04,20.6,81.81,18.9,88.9,17.4
2025-04-17,贵州茅台,600519,公司简评报告：2024年圆满收官，2025年扎实前行,买入,,东海证券,,75.06,20.77,81.65,19.1,87.66,17.79
2025-04-15,贵州茅台,600519,2024年报业绩点评报告：2024业绩稳健增长，2025目标营收增速9%,增持,,华龙证券,,74.38,21.1,80.86,19.4,88.39,17.8
2025-04-14,贵州茅台,600519,营收利润符合预期，25年目标锚定高个位数,买入,,中邮证券,,74.95,20.93,82.76,18.96,91.61,17.13
2025-04-14,贵州茅台,600519,贵州茅台2024年年报点评：2025年稳健前行，双轮驱动优化产品结构,买入,,诚通证券,,74.36,20.8,80.43,19.3,86.63,17.9
2025-04-10,贵州茅台,600519,改革成效显现，24年圆满收官，25年夯实基础目标制定稳健务实,买入,,中银证券,,74.5,20.7,81.2,19.0,88.4,17.4
2025-04-09,贵州茅台,600519,点评报告：业绩稳增长，茅台酒和批发渠道增速亮眼,增持,,万联证券,,74.97,20.61,81.81,18.89,89.27,17.31
2025-04-09,贵州茅台,600519,24年完满收官，25年迎接新挑战,买入,,东兴证券,,75.19,19.95,83.18,18.03,92.12,16.28
2025-04-07,贵州茅台,600519,2024年报点评：24年顺利达成目标，25年定调稳健增长,买入,,西南证券,,75.48,20.79,82.68,18.98,90.24,17.39
2025-04-07,贵州茅台,600519,公司信息更新报告：2024年营收利润高增，2025年定调合理积极,买入,,开源证券,,76.1,20.6,84.27,18.6,91.07,17.2
2025-04-06,贵州茅台,600519,贵州茅台：2024年顺利收官，2025年理性增长行稳致远,买入,,太平洋,,75.56,20.5,82.99,18.66,90.25,17.16
2025-04-06,贵州茅台,600519,公司事件点评报告：2024年圆满收官，2025年稳健增长,买入,,华鑫证券,,75.23,20.9,81.66,19.2,88.0,17.8
2025-04-05,贵州茅台,600519,2024年年报点评：平稳收官彰显韧性25年目标营收增速9%,买入,,民生证券,,,,,,,
2025-04-03,贵州茅台,600519,2024年报点评：平稳兑现，目标积极,买入,,东吴证券,,74.19,20.88,80.35,19.28,87.79,17.65
2025-04-03,贵州茅台,600519,贵州茅台2024年报点评：顺利收官，目标理性,买入,,华安证券,,74.78,20.71,81.26,19.06,86.87,17.83
2025-04-03,贵州茅台,600519,适应需求变化，巩固发展根基,买入,,信达证券,,75.12,20.62,81.93,18.91,89.24,17.36
2025-04-03,贵州茅台,600519,24年业绩平稳兑现，稳健配置首选,买入,,国金证券,,,,,,,
2025-04-03,贵州茅台,600519,2024年年报点评：2024年圆满收官，彰显经营韧性,买入,,东莞证券,,,,,,,
2025-04-03,贵州茅台,600519,2024年稳健收官，2025年目标收入增长9%,增持,,国信证券,,75.04,20.6,81.81,18.9,88.9,17.4
2025-03-18,000001,000001,点评报告：结构调整持续，资产质量指标变动不大,增持,,万联证券,,2.36,5.08,2.38,5.03,2.53,4.73
2025-03-18,000001,000001,2024年年报点评：结构优化见效，风险处置有力,买入,,民生证券,,,,,,,
2025-02-07,贵州茅台,600519,24年顺利收官，看好25年公司经营稳定增长,买入,,东兴证券,,78.73,17.95,91.21,15.49,,
2025-01-16,贵州茅台,600519,公司事件点评报告：茅台集团高质增长，目标稳中有进,买入,,华鑫证券,,73.33,20.1,79.65,18.5,,
2025-01-07,贵州茅台,600519,2024年圆满收官，2025年聚力转型发展,买入,,中银证券,,74.46,19.3,81.19,17.7,,
2025-01-06,贵州茅台,600519,24年顺利完成目标，25年聚焦供需适配,买入,,西南证券,,75.3,19.59,83.14,17.74,,
2025-01-05,贵州茅台,600519,贵州茅台24Q4预告：24年圆满收官,买入,,华安证券,,,,,,,
2025-01-05,贵州茅台,600519,2024年收入增长约15%，2025年经营目标理性务实,增持,,国信证券,,73.6,20.2,79.87,18.6,,
2025-01-03,贵州茅台,600519,顺利完成目标，转型促进发展,买入,,信达证券,,74.09,20.08,80.71,18.44,,
2025-01-03,贵州茅台,600519,顺利收官，2025着力“供需适配”,买入,,中邮证券,,73.48,20.25,81.56,18.25,,
2025-01-03,贵州茅台,600519,公司事件点评报告：圆满收官，彰显韧性,买入,,华鑫证券,,73.33,20.3,79.65,18.7,,
2025-01-03,贵州茅台,600519,全年目标稳健兑现，多产品均衡发力,买入,,东吴证券,,72.89,20.42,79.06,18.82,,
2025-01-03,贵州茅台,600519,2024年生产经营情况点评：顺利收官，蓄力前行,买入,,东莞证券,,74.75,19.91,82.58,18.02,,
2024-12-31,贵州茅台,600519,公司事件点评报告：转型推动供需适配，调整投放平衡渠道,买入,,华鑫证券,,73.38,20.8,79.71,19.1,,
2024-12-29,贵州茅台,600519,2025年经销商大会：聚力转型发展，深化市场导向,买入,,东吴证券,,73.28,20.86,79.51,19.23,,
2024-12-28,贵州茅台,600519,动态更新报告：渠道协同 稳中求进,买入,,民生证券,,77.06,20.0,83.73,18.0,,
2024-12-01,贵州茅台,600519,持续加强消费者层面的触达和转化，国际化思路清晰,增持,,国信证券,,74.84,20.4,81.41,18.7,,
2024-11-28,贵州茅台,600519,公司事件点评报告：渠道深度多元化，六大体系国际化,买入,,华鑫证券,,73.38,20.7,79.71,19.1,,
2024-11-28,贵州茅台,600519,股东回报持续完善，适配供需运筹决胜,买入,,东吴证券,,73.98,20.53,80.26,18.93,,
2024-11-24,贵州茅台,600519,公司深度报告：国酒飘香恒久远，定海神针风向标,买入,,华鑫证券,,73.38,20.5,79.71,18.9,,
2024-11-12,贵州茅台,600519,贵州茅台2024年三季报点评：主动控量助力企业稳健发展,买入,,诚通证券,,75.15,21.9,84.65,19.5,,
2024-11-11,贵州茅台,600519,事件点评：中期分红落地，重视股东回报,买入,,东莞证券,,76.13,21.15,84.14,19.13,,
2024-11-11,贵州茅台,600519,中期分红发布，静待政策催化需求改善,买入,,第一上海证券,,76.4,21.1,84.4,19.1,,
2024-11-10,贵州茅台,600519,公司事件点评报告：中期分红方案发布，利润分配持续兑现,买入,,华鑫证券,,78.89,20.4,90.68,17.8,,
2024-11-04,贵州茅台,600519,公司简评报告：Q3业绩符合预期，经营延续稳健,买入,,东海证券,,76.75,20.17,85.3,18.15,,
2024-10-30,贵州茅台,600519,点评报告：Q3业绩保持稳增长，茅台酒增长亮眼,增持,,万联证券,,79.79,19.19,92.51,16.56,,
2024-10-29,贵州茅台,600519,公司信息更新报告：锚定全年目标，业绩平稳符合预期,买入,,开源证券,,76.98,20.3,87.78,17.8,,
2024-10-29,贵州茅台,600519,贵州茅台2024年三季报点评：Q3业绩增13%，茅台酒增长稳健,买入,,国元证券,,78.09,19.96,87.78,17.76,,
2024-10-29,贵州茅台,600519,2024年三季报点评：业绩符合预期，延续稳健增长,买入,,西南证券,,76.83,20.29,84.72,18.4,,
2024-10-28,贵州茅台,600519,第三季度茅台酒增速快于整体，全年15%收入增速可期,增持,,国信证券,,74.85,20.8,81.43,19.1,,
2024-10-28,贵州茅台,600519,营收利润符合预期，静待需求改善,买入,,中邮证券,,76.52,20.37,84.95,18.35,,
2024-10-28,贵州茅台,600519,贵州茅台：业绩符合预期，全年目标有望达成,买入,,太平洋,,76.86,20.28,84.99,18.34,,
2024-10-28,贵州茅台,600519,3季度业绩稳健增长，2024年目标业绩有望顺利实现,买入,,中银证券,,75.9,20.5,82.4,18.9,,
2024-10-27,贵州茅台,600519,2024年前三季度业绩点评：目标稳步兑现，优化量价统筹,买入,,东吴证券,,75.39,20.68,81.55,19.12,,
2024-10-27,贵州茅台,600519,公司事件点评报告：业绩持续稳增长，定海神针作用强,买入,,华鑫证券,,78.89,19.8,90.68,17.2,,
2024-10-27,贵州茅台,600519,贵州茅台2024Q3点评：行稳致远,买入,,华安证券,,75.54,20.64,82.03,19.0,,
2024-10-26,贵州茅台,600519,Q3业绩符合预期，稳字当头韧性强,买入,,国金证券,,,,,,,
2024-10-26,贵州茅台,600519,2024年三季报点评：Q3营收显韧性 年度目标兑现可期,买入,,民生证券,,,,,,,
2024-10-22,000001,000001,2024年三季报点评：零售业务调优结构，存款成本持续改善,买入,,东兴证券,,2.48,4.77,2.6,4.54,,
2024-10-19,000001,000001,2024年三季报点评：息差降幅收窄，利润维持正增,买入,,民生证券,,,,,,,
2024-09-23,贵州茅台,600519,实施注销式回购，提振市场信心,增持,,国信证券,,77.14,16.4,86.78,14.6,,
2024-09-22,贵州茅台,600519,回购彰显态度，重视股东回报一以贯之,买入,,东吴证券,,75.76,16.68,83.58,15.12,,
2024-09-22,贵州茅台,600519,事件点评：回购提振信心，彰显龙头担当,买入,,东莞证券,,79.92,15.82,91.04,13.88,,
2024-09-22,贵州茅台,600519,公司事件点评报告：上市以来首次回购，提振市场信心,买入,,华鑫证券,,81.13,15.6,93.85,13.5,,
2024-09-22,贵州茅台,600519,首次拟回购注销，价值持续凸显,买入,,国金证券,,77.969,16.21,86.316,14.64,,
2024-08-19,000001,000001,2024年半年报点评：净利润保持正增长，中期分红方案落地,买入,,东兴证券,,2.48,4.05,2.6,3.85,,
2024-08-19,000001,000001,点评报告：调整业务结构 公布中期分红,增持,,万联证券,,2.45,4.09,2.54,3.94,,
2024-08-16,000001,000001,2024年半年报点评：持续调整结构，宣布中期分红,买入,,民生证券,,,,,,,
2024-08-15,贵州茅台,600519,收入略超预期，承诺未来三年分红重视股东回报,买入,,太平洋,,78.84,18.23,88.46,16.24,,
2024-08-13,贵州茅台,600519,公司简评报告：业绩维持稳健，分红比例显著提升,买入,,东海证券,,80.95,17.74,92.36,15.55,,
2024-08-13,贵州茅台,600519,业绩势能不减，高分红稳定市场信心,买入,,东兴证券,,78.03,18.24,90.4,15.74,,
2024-08-13,贵州茅台,600519,2024年中报业绩点评报告：系列酒增速亮眼，直销渠道占比有所下降,增持,,万联证券,,79.79,18.0,92.51,15.52,,
2024-08-13,贵州茅台,600519,季度业绩再超预期，分红规划彰显担当,买入,,第一上海证券,,81.1,17.6,93.4,15.3,,
2024-08-12,贵州茅台,600519,公司信息更新报告：业绩好于预期，分红方案诚意十足,买入,,开源证券,,83.21,17.3,97.21,14.8,,
2024-08-12,贵州茅台,600519,业绩略超市场预期，分红规划提振信心,买入,,华金证券,,79.62,18.0,90.19,15.9,,
2024-08-12,贵州茅台,600519,现金分红提振信心，2季度业绩表现稳健,买入,,中银证券,,78.4,18.3,86.9,16.5,,
2024-08-12,贵州茅台,600519,24H1收入靓丽增长，分红规划提振信心,买入,,西南证券,,80.18,17.84,91.87,15.57,,
2024-08-12,贵州茅台,600519,24H1业绩略超预期，分红规划提振信心,买入,,山西证券,,78.99,18.1,89.82,15.9,,
2024-08-11,贵州茅台,600519,营收利润均略超预期，未来三年每年分红率不低于75%,买入,,中邮证券,,76.52,18.78,84.95,16.91,,
2024-08-11,贵州茅台,600519,贵州茅台2024年中报点评：Q2业绩增16%，规划分红率75%,买入,,国元证券,,78.8,18.23,89.13,16.12,,
2024-08-09,贵州茅台,600519,贵州茅台2024Q2点评：淡季超预期，三年分红重回报,买入,,华安证券,,80.85,17.69,94.02,15.22,,
2024-08-09,贵州茅台,600519,H1业绩稳健，提升分红优化股东回报,增持,,群益证券,,79.13,18.0,88.14,16.0,,
2024-08-09,贵州茅台,600519,第二季度收入增速稳健，分红率指引积极,增持,,国信证券,,77.14,18.5,86.78,16.5,,
2024-08-09,贵州茅台,600519,半年收官发展稳健，分红规划提振信心,买入,,信达证券,,80.38,17.8,93.1,15.37,,
2024-08-09,贵州茅台,600519,公司事件点评报告：Q2业绩超预期，龙头韧性仍足,买入,,华鑫证券,,81.13,17.6,93.85,15.2,,
2024-08-09,贵州茅台,600519,Q2业绩超预期，分红规划托底情绪,买入,,国金证券,,79.242,18.05,89.12,16.05,,
2024-08-09,贵州茅台,600519,2024年半年报点评：Q2业绩良性，品牌势能延续,买入,,东莞证券,,79.92,17.9,91.04,15.71,,
2024-08-09,贵州茅台,600519,2024年中报点评：业绩稳健显韧性 分红规划塑信心,买入,,民生证券,,77.06,19.0,85.15,17.0,,
2024-08-09,贵州茅台,600519,2024H1业绩点评：提分红呵护股东回报，调渠道帮助稳定价盘,买入,,东吴证券,,76.35,18.74,84.35,16.96,,
2024-07-03,贵州茅台,600519,释放风险，提升价值,买入,,东吴证券,,76.35,19.52,84.35,17.67,,
2024-06-04,贵州茅台,600519,坚守本源，立足长远,买入,,华金证券,,81.81,20.0,96.47,17.0,,
2024-06-02,贵州茅台,600519,坚持长期主义，兼顾发展质量,增持,,国信证券,,80.81,20.7,91.04,18.4,,
2024-06-02,贵州茅台,600519,公司事件点评报告：品质第一，行稳致远,买入,,华鑫证券,,81.13,20.3,93.85,17.6,,
2024-05-30,贵州茅台,600519,立足长远发展，坚守五大核心,买入,,信达证券,,81.27,20.6,94.3,17.75,,
2024-05-06,贵州茅台,600519,一季度收入增长18%，利润率受生产节奏扰动,买入,,国信证券,,80.81,21.2,91.04,18.8,,
2024-05-01,贵州茅台,600519,公司信息更新报告：收入高增势头不减，市场化改革进程持续,买入,,开源证券,,83.21,20.5,97.21,17.5,,
2024-04-30,贵州茅台,600519,贵州茅台24年一季报点评：开门红顺利,买入,,华安证券,,80.85,21.07,94.02,18.12,,
2024-04-30,贵州茅台,600519,收入略超预期，一季度顺利实现开门红,买入,,太平洋,,81.02,21.1,92.94,18.39,,
2024-04-29,贵州茅台,600519,贵州茅台2024一季报点评：韧性充足，Q1稳健增长,买入,,国元证券,,81.02,21.1,93.98,18.19,,
2024-04-29,贵州茅台,600519,2024Q1季报点评：销售稳定兑现，着眼长期价值,买入,,东吴证券,,79.95,21.38,91.94,18.59,,
2024-04-29,贵州茅台,600519,2024年一季报点评：24Q1收入超预期，顺利实现开门红,买入,,西南证券,,81.97,20.86,94.7,18.05,,
2024-04-29,贵州茅台,600519,2024年一季报点评：2024Q1业绩稳健增长，产品渠道均衡发展,买入,,东莞证券,,81.37,21.01,94.44,18.1,,
2024-04-29,贵州茅台,600519,1季度茅台酒和系列酒齐头并进，传统渠道占比提升,买入,,中银证券,,80.3,21.3,91.0,18.8,,
2024-04-29,贵州茅台,600519,收入增长略超预期，经营现金流质量高,买入,,第一上海证券,,,,,,,
2024-04-28,贵州茅台,600519,公司事件点评报告：收入略超预期，彰显龙头韧性,买入,,华鑫证券,,81.13,21.1,93.85,18.2,,
2024-04-28,贵州茅台,600519,Q1收入增幅超预期，龙头乘风破浪,买入,,国金证券,,,,,,,
2024-04-27,贵州茅台,600519,2024年一季报点评：Q1顺利开门红，增长势头强劲,买入,,民生证券,,,,,,,
2024-04-22,000001,000001,2024年一季报点评：其他非息表现亮眼，拨备反哺利润正增,买入,,东兴证券,,2.54,4.2,2.68,3.99,,
2024-04-21,000001,000001,2024年一季报点评：息差拖累营收，加大不良处置,增持,,国信证券,,,,,,,
2024-04-20,000001,000001,2024年一季报点评：主动调整结构，扩张节奏放缓,买入,,民生证券,,,,,,,
2024-04-12,贵州茅台,600519,年报点评：业绩稳健 势能延续,买入,,申港证券,,80.6,20.62,92.17,18.03,,
2024-04-12,贵州茅台,600519,业绩增长再超预期，24年目标稳步前行,买入,,第一上海证券,,81.1,20.3,93.2,17.7,,
2024-04-11,贵州茅台,600519,业绩表现优异，24年势能不减,买入,,东兴证券,,81.05,20.51,93.34,17.81,,
2024-04-08,贵州茅台,600519,2023年报点评：收入和利润超预期收官，2024年业绩确定性高,增持,,海通国际,,,,,,,
2024-04-08,贵州茅台,600519,贵州茅台：业绩超预期，2024年增长信心充足,买入,,太平洋,,,,,,,
2024-04-08,贵州茅台,600519,23年靓丽收官，24年定调积极,买入,,西南证券,,81.97,20.92,94.7,18.11,,
2024-04-07,贵州茅台,600519,贵州茅台2023年报点评：韧性强劲，量价齐升,买入,,国元证券,,81.02,21.17,93.98,18.25,,
2024-04-07,贵州茅台,600519,i茅台平台和茅台1935带动营收快速增长，未来两年业绩增长确定性高,买入,,中银证券,,80.3,21.4,91.0,18.8,,
2024-04-07,贵州茅台,600519,公司信息更新报告：冲刺之年，势能不减,买入,,开源证券,,83.21,20.6,97.21,17.6,,
2024-04-03,贵州茅台,600519,2023年年报点评：23年靓丽收官，24年势能延续,买入,,民生证券,,81.93,21.0,93.97,18.0,,
2024-04-03,贵州茅台,600519,23年完成全年目标，24年发展势能可期,买入,,山西证券,,80.85,21.2,92.89,18.5,,
2024-04-03,贵州茅台,600519,2023年营收增长18%，2024年经营目标积极,买入,,国信证券,,80.81,21.2,91.04,18.8,,
2024-04-03,贵州茅台,600519,贵州茅台23年报点评：增长势能足冲刺十四五,买入,,华安证券,,80.85,21.21,94.02,18.24,,
2024-04-03,贵州茅台,600519,2023年年报点评：2023年再创佳绩，彰显龙头韧性,买入,,东莞证券,,81.37,21.06,94.44,18.15,,
2024-04-03,贵州茅台,600519,2023年业绩点评报告：业绩稳增长，产品矩阵构建&渠道优化成果显效,增持,,万联证券,,81.4,21.06,94.31,18.17,,
2024-04-03,贵州茅台,600519,营收增速创新高，产品矩阵强构建,买入,,信达证券,,81.25,21.09,94.25,18.19,,
2024-04-03,贵州茅台,600519,公司事件点评报告：业绩超预期，龙头引领行业信心,买入,,华鑫证券,,81.13,21.1,93.85,18.3,,
2024-04-03,贵州茅台,600519,量价齐升，稳健前行,增持,,群益证券,,82.76,21.0,93.52,18.0,,
2024-04-03,贵州茅台,600519,业绩再超预告兑现，夯实内功稳步前进,买入,,国金证券,,81.746,20.97,94.41,18.15,,
2024-04-03,贵州茅台,600519,2023年年报点评：巍巍巨轮，稳步前行,买入,,东吴证券,,81.01,21.16,92.79,18.47,,
2024-03-28,贵州茅台,600519,价格管理能力突出，业绩增长工具充足,买入,,国信证券,,79.75,21.3,,,,
2024-03-18,000001,000001,2023年年报点评：分红比例超预期，主动降低信用风险偏好,买入,,东兴证券,,2.54,4.17,2.68,3.96,,
2024-03-15,000001,000001,2023年报点评：调降信用风险偏好，经营更稳健,增持,,国信证券,,2.4,4.3,2.67,3.8,,
2024-03-15,000001,000001,2023年年报点评：积极调整信贷结构，财富业务基础夯实,买入,,民生证券,,2.62,4.0,2.91,4.0,,
2024-03-15,000001,000001,点评报告：分红率提升,增持,,万联证券,,2.36,4.34,2.5,4.09,,
2024-02-01,贵州茅台,600519,23年圆满收官，24年四端齐驱,买入,,华金证券,,80.77,20.0,,,,
2024-01-08,贵州茅台,600519,贵州茅台近况更新：2023年收入超预期收官，2024年终端为王,增持,,海通国际,,,,,,,
2024-01-03,贵州茅台,600519,2023年圆满收官，2024年余粮充足、增长确定,买入,,中银证券,,,,,,,
2024-01-02,贵州茅台,600519,超额兑现全年目标，新一年再前进,增持,,群益证券,,81.45,40.0,,,,
2024-01-02,贵州茅台,600519,2023年年度经营数据公告点评：大集团一盘棋显效，高质量完成全年目标,买入,,民生证券,,81.57,21.0,,,,
2024-01-02,贵州茅台,600519,2023年经营数据点评：2023年顺利收官，2024年整装待发,买入,,东莞证券,,81.04,21.3,,,,
2024-01-02,贵州茅台,600519,市场导向，创新驱动,买入,,信达证券,,80.67,20.89,,,,
2024-01-02,贵州茅台,600519,2023年顺利收官，2024年终端为王,买入,,国信证券,,79.75,21.6,,,,
2024-01-01,贵州茅台,600519,超目标兑现，不断创新进击的“巨人”,买入,,东吴证券,,81.72,21.12,,,,
2024-01-01,贵州茅台,600519,公司事件点评报告：2023年圆满收官，2024年再出发,买入,,华鑫证券,,81.38,21.2,,,,
2023-12-05,贵州茅台,600519,2024年必须消费首推,买入,,招银国际,,81.49,21.6,,,,
2023-11-22,贵州茅台,600519,再次特别分红，提振市场信心,买入,,国信证券,,80.58,22.2,,,,
2023-11-22,贵州茅台,600519,特别分红点评：连续特别分红开先河，全面引领高质量发展与回报,买入,,东吴证券,,81.82,21.88,,,,
2023-11-21,贵州茅台,600519,事件点评：再次发放特别分红，彰显龙头发展韧性,买入,,东莞证券,,82.51,21.36,,,,
2023-11-21,贵州茅台,600519,事件点评：再次实施特别分红，兑现发展红利,买入,,民生证券,,83.87,21.0,,,,
2023-11-21,贵州茅台,600519,公司事件点评报告：二次特别分红，彰显社会责任,买入,,华鑫证券,,81.05,21.7,,,,
2023-11-03,贵州茅台,600519,余粮充足，逆势提价,买入,,中银证券,,80.55,22.1,,,,
2023-11-03,贵州茅台,600519,点评报告：时隔六年飞天茅台再提价，彰显龙头实力,增持,,万联证券,,,,,,,
2023-11-03,贵州茅台,600519,茅台再提价，边际利好再下一重城,买入,,东吴证券,,82.11,21.67,,,,
2023-11-02,贵州茅台,600519,重大事项公告点评：飞天提价，业绩增长动能充足,买入,,民生证券,,83.25,21.0,,,,
2023-11-02,贵州茅台,600519,公司事件点评报告：提价终落地，步伐更从容,买入,,华鑫证券,,81.05,22.0,,,,
2023-11-02,贵州茅台,600519,飞天提价落地，打开行业成长通路,买入,,华安证券,,81.62,21.82,,,,
2023-11-01,贵州茅台,600519,提价强化中长期经营质量，行业秩序和竞争格局改善,买入,,国信证券,,80.58,20.9,,,,
2023-11-01,贵州茅台,600519,飞天提价助力可持续发展，重塑行业价升逻辑,买入,,中邮证券,,83.92,20.07,,,,
2023-11-01,贵州茅台,600519,价格枷锁迎突破，看好估值中枢提升,买入,,国金证券,,,,,,,
2023-11-01,贵州茅台,600519,2023年三季报点评：提价落地，增厚业绩,买入,,东莞证券,,82.78,21.52,,,,
2023-10-30,贵州茅台,600519,业绩增长稳步前行,买入,,第一上海证券,,,,,,,
2023-10-26,000001,000001,资产质量平稳，私行业务表现亮眼,买入,,东兴证券,,,,,,,
2023-10-26,000001,000001,盈利增速放缓，业务转型持续,增持,,中银证券,,,,,,,
2023-10-26,000001,000001,点评报告：信贷结构持续调整，零售中间业务保持高增,增持,,万联证券,,2.93,3.54,,,,
2023-10-25,贵州茅台,600519,公司信息更新报告：预收款指标良好，全年目标游刃有余,买入,,开源证券,,81.27,20.2,,,,
2023-10-25,贵州茅台,600519,3Q23业绩点评：收入和利润增速符合预期，直营和非标酒仍是主要增长引擎,增持,,海通国际,,79.0,21.0,,,,
2023-10-25,000001,000001,2023年三季报点评：私行业务亮眼，中收稳步修复,买入,,民生证券,,,,,,,
2023-10-24,贵州茅台,600519,第三季度业绩平稳增长，稳定价盘坚守长期主义,买入,,国信证券,,78.64,20.9,,,,
2023-10-24,贵州茅台,600519,3Q rev/np +13%/16%; mixed near-term outlook,买入,,招银国际,,76.34,21.5,,,,
2023-10-23,贵州茅台,600519,2023年三季报点评：实力信而有征，逆势铸信心,买入,,东吴证券,,79.75,20.63,,,,
2023-10-23,贵州茅台,600519,3季度控制发货节奏，营收增速放缓，积极提升品牌热度,买入,,中银证券,,,,,,,
2023-10-23,贵州茅台,600519,Q3业绩整体稳定，财报质量亮眼,买入,,华安证券,,78.27,21.02,,,,
2023-10-23,贵州茅台,600519,点评报告：业绩稳健增长，渠道优化持续发力,增持,,万联证券,,84.48,19.47,,,,
2023-10-23,贵州茅台,600519,业绩稳健增长，彰显需求韧性,买入,,山西证券,,79.25,20.8,,,,
2023-10-23,贵州茅台,600519,三季度稳健，实现全年目标无虞,增持,,群益证券,,78.46,20.97,,,,
2023-10-23,贵州茅台,600519,2023年三季报点评：业绩稳健增长，延续高质量发展,买入,,民生证券,,82.74,20.0,,,,
2023-10-23,贵州茅台,600519,公司简评报告：业绩稳健增长，直销占比持续提升,买入,,东海证券,,,,,,,
2023-10-23,贵州茅台,600519,23Q3业绩符合预期，全年目标完成无虞,买入,,西南证券,,,,,,,
2023-10-23,贵州茅台,600519,Q3业绩符合预期，高质发展持续夯实,买入,,国金证券,,,,,,,
2023-10-23,贵州茅台,600519,业绩强韧，势能十足,买入,,中邮证券,,,,,,,
2023-10-23,贵州茅台,600519,2023三季报点评：Q3业绩增16%，直销占比持续提升,买入,,国元证券,,78.76,20.89,,,,
2023-10-22,贵州茅台,600519,2023年三季报点评：Q3业绩稳健增长，渠道优化稳步推进,买入,,东莞证券,,79.24,20.76,,,,
2023-10-22,贵州茅台,600519,锚定目标，坚定信心,买入,,信达证券,,81.2,20.26,,,,
2023-10-22,贵州茅台,600519,公司事件点评报告：业绩符合预期，稳增长强韧性,买入,,华鑫证券,,80.2,20.5,,,,
2023-09-07,000001,000001,平安银行2023年半年报点评：利润增长提速，资产质量全面改善,增持,,海通国际,,3.55,3.14,,,,
2023-09-05,贵州茅台,600519,行业压力下业绩再超预期，经营增长目标兑现性强,买入,,第一上海证券,,,,,,,
2023-08-29,000001,000001,点评报告：银保业务快速推进,增持,,万联证券,,3.39,3.28,,,,
2023-08-24,000001,000001,2023年中报点评：盈利能力回升，资产质量向好,买入,,民生证券,,,,,,,
2023-08-24,000001,000001,手续费增长改善，资本压力缓解,增持,,中银证券,,,,,,,
2023-08-24,000001,000001,息差高位收窄，私行业务发展亮眼,买入,,东兴证券,,3.47,3.24,,,,
2023-08-24,000001,000001,2023年中报点评：息差有所回落，资产质量平稳,增持,,国信证券,,3.17,3.5,,,,
2023-08-24,000001,000001,拨备释放驱动H123归母净利润+14.9%,买入,,山西证券,,,,,,,
2023-08-07,贵州茅台,600519,半年报点评：茅台稳如磐石 直销驱动高增,买入,,申港证券,,81.62,23.44,,,,
2023-08-07,贵州茅台,600519,业绩稳定增长，龙头稳健性凸显,买入,,东兴证券,,,,,,,
2023-08-07,贵州茅台,600519,公司信息更新报告：直营占比持续提升，成长空间清晰从容,买入,,开源证券,,82.3,23.0,,,,
2023-08-04,贵州茅台,600519,2023中报点评：Q2业绩增21%，发展稳定性强,买入,,国元证券,,78.76,23.87,,,,
2023-08-04,贵州茅台,600519,业绩略超前期预告，渠道体系健康，未来增长确定性高,买入,,中银证券,,79.3,23.7,,,,
2023-08-04,贵州茅台,600519,业绩略超预期，经营持续向好,买入,,西南证券,,80.5,23.35,,,,
2023-08-04,贵州茅台,600519,点评报告：2023H1业绩超预期，全年业绩有望提速,增持,,万联证券,,84.48,22.24,,,,
2023-08-04,贵州茅台,600519,1H23半年报和2Q23业绩点评：收入、利润增速略高于预期,增持,,海通国际,,,,,,,
2023-08-03,贵州茅台,600519,公司事件点评报告：业绩略超预期，环比继续加速,买入,,华鑫证券,,80.2,23.4,,,,
2023-08-03,贵州茅台,600519,2023年半年报点评：直营占比持续提升，茅台酒23Q2环比提速,买入,,民生证券,,83.0,23.0,,,,
2023-08-03,贵州茅台,600519,大象再次起舞，抗周期能力更强,买入,,信达证券,,82.57,22.77,,,,
2023-08-03,贵州茅台,600519,公司简评报告：逆势提速，发展势能充足,买入,,东海证券,,,,,,,
2023-08-03,贵州茅台,600519,2023年中报点评：Q2增长双超20%，韧性凸显,买入,,东吴证券,,79.75,23.57,,,,
2023-08-03,贵州茅台,600519,业绩高质兑现，稳健提速势能强,买入,,国金证券,,83.76,22.45,,,,
2023-08-03,贵州茅台,600519,表现再超预期，龙头逆势加速增长,买入,,华安证券,,,,,,,
2023-08-03,贵州茅台,600519,2Q Rev/NP +20.4/21.0% as pre-announced,买入,,招银国际,,69.06,23.8,,,,
2023-08-03,贵州茅台,600519,稳健不失速度，结构改善重于简单提价,买入,,信达证券,,82.57,22.77,,,,
2023-08-03,贵州茅台,600519,23H1收入利润稳健增长，彰显白酒龙头发展韧性,买入,,山西证券,,79.28,23.8,,,,
2023-07-17,贵州茅台,600519,点评报告：2023H1业绩稳健增长，龙头韧性凸显,增持,,万联证券,,,,,,,
2023-07-17,贵州茅台,600519,2Q23营收保持较快增速，品牌热度提升,买入,,中银证券,,,,,,,
2023-07-17,贵州茅台,600519,公司简评报告：茅台酒提速，发展显韧性,买入,,东海证券,,,,,,,
2023-07-17,贵州茅台,600519,收入增长靓丽，龙头定力十足,买入,,西南证券,,,,,,,
2023-07-17,贵州茅台,600519,2023年上半年主要经营数据点评：Q2业绩彰显韧性，核心产品持续发力,买入,,东莞证券,,,,,,,
2023-07-17,贵州茅台,600519,2023年上半年经营数据公告点评：业绩高增延续，茅台酒表现亮眼,买入,,民生证券,,,,,,,
2023-07-14,贵州茅台,600519,23H1主要经营数据点评：收入略超预期，龙头稳军心,买入,,东吴证券,,79.75,21.8,,,,
2023-07-14,贵州茅台,600519,二季度业绩稳健增长，直销拓展稳步推进,买入,,国信证券,,78.45,22.2,,,,
2023-07-14,贵州茅台,600519,龙头显韧性，预告上半年净利润同比增18.8%,增持,,群益证券,,,,,,,
2023-07-14,贵州茅台,600519,公司事件点评报告：业绩符合预期，龙头动能持续向上,买入,,华鑫证券,,80.2,21.7,,,,
2023-07-14,贵州茅台,600519,渠道结构改革，茅台酒提速,买入,,信达证券,,,,,,,
2023-07-14,贵州茅台,600519,业绩表现超预期，加速成长展现龙头势能,买入,,华安证券,,,,,,,
2023-07-14,贵州茅台,600519,Q2业绩超预期，看好龙头势能释放,买入,,国金证券,,81.735,21.27,,,,
2023-06-16,贵州茅台,600519,2022年度股东大会点评：向美而行，战略升级,买入,,民生证券,,81.28,22.0,,,,
2023-06-15,贵州茅台,600519,股东大会夯实信心，重点推荐,买入,,国金证券,,79.435,21.74,,,,
2023-06-15,贵州茅台,600519,2022年股东大会点评：让美更融，稳健前行,买入,,东吴证券,,77.26,22.35,,,,
2023-06-14,贵州茅台,600519,公司事件点评报告：产业生态布局完善，迈向国际一流企业,买入,,华鑫证券,,77.75,21.9,,,,
2023-05-21,贵州茅台,600519,公司动态研究报告：经营稳中有进，改革持续向前,买入,,华鑫证券,,77.75,21.9,,,,
2023-04-29,贵州茅台,600519,23Q1业绩超预期，引领行业景气向上,买入,,西南证券,,80.5,21.29,,,,
2023-04-29,000001,000001,点评报告：财富管理业务稳步推进,增持,,万联证券,,3.39,3.61,,,,
2023-04-27,贵州茅台,600519,公司信息更新报告：成长动力充足，业绩好于预期,买入,,开源证券,,80.88,21.6,,,,
2023-04-27,贵州茅台,600519,渠道结构继续优化，1季度开局良好,买入,,中银证券,,79.28,22.0,,,,
2023-04-26,贵州茅台,600519,龙头增长确定性明显，直营改革大步迈前,买入,,华安证券,,76.77,22.54,,,,
2023-04-26,贵州茅台,600519,2023年一季报点评：经营稳健，业绩超经营数据预告,买入,,民生证券,,81.28,21.0,,,,
2023-04-26,贵州茅台,600519,直销贡献突出，业绩再超预期,买入,,信达证券,,82.05,21.09,,,,
2023-04-26,贵州茅台,600519,公司事件点评报告：业绩略超预期，全年高质量,买入,,华鑫证券,,77.75,22.3,,,,
2023-04-26,贵州茅台,600519,i茅台贡献主要增量，直销拓展是增长核心引擎,买入,,国信证券,,78.45,22.1,,,,
2023-04-26,贵州茅台,600519,贵州茅台2023年一季报点评：直营增速亮眼，“i茅台”加深护城河,买入,,东亚前海证券,,75.75,22.84,,,,
2023-04-26,贵州茅台,600519,龙头高确定性，1Q实现开门红,增持,,群益证券,,,,,,,
2023-04-26,贵州茅台,600519,业绩再超预期，确定性&性价比均占优,买入,,国金证券,,79.435,21.8,,,,
2023-04-26,贵州茅台,600519,公司简评报告：开门红，持续优秀,买入,,东海证券,,79.25,21.84,,,,
2023-04-26,贵州茅台,600519,点评报告：Q1业绩开门红，直销渠道表现优异,增持,,万联证券,,77.39,22.36,,,,
2023-04-26,贵州茅台,600519,1Q23季报点评：茅台非标酒和茅台1935加大投放，全年目标完成确定性高,增持,,海通国际,,79.0,22.0,,,,
2023-04-26,贵州茅台,600519,23Q1实现开门红，直销占比继续提升,买入,,西南证券,,80.5,21.5,,,,
2023-04-26,贵州茅台,600519,一季报点评：Q1业绩增21%，直销比重逻辑强化,买入,,国元证券,,78.76,21.97,,,,
2023-04-26,贵州茅台,600519,23年1季报点评：龙头业绩超预期稳健，增强信心,买入,,东吴证券,,77.26,22.4,,,,
2023-04-25,000001,000001,风险偏好持续下降，资产质量边际改善,增持,,中银证券,,3.5,3.45,,,,
2023-04-25,000001,000001,2023年一季报点评：风险抵补能力保持较好水平,增持,,国信证券,,3.19,,,,,
2023-04-25,000001,000001,息差收窄符合预期，财富管理稳健发展,买入,,东兴证券,,3.69,3.28,,,,
2023-04-19,贵州茅台,600519,一季度业绩实现开门红，高质量发展延续,买入,,东兴证券,,77.44,23.27,,,,
2023-04-19,贵州茅台,600519,公司信息更新报告：开门红顺利实现，全年业绩确定性强,买入,,开源证券,,80.88,21.7,,,,
2023-04-18,贵州茅台,600519,2023年一季度经营数据点评：23Q1开门红，提振行业信心,买入,,民生证券,,81.22,22.0,,,,
2023-04-18,贵州茅台,600519,点评报告：23Q1业绩超预期，彰显龙头强劲实力,增持,,万联证券,,77.39,22.65,,,,
2023-04-17,贵州茅台,600519,超预期开局，坚定全年信心,买入,,信达证券,,82.05,20.88,,,,
2023-04-17,贵州茅台,600519,业绩超市场预期，盈利能力创新高,买入,,华安证券,,76.77,22.32,,,,
2023-04-17,贵州茅台,600519,贵州茅台2023年一季度经营数据点评：Q1开门红超预期，有望引领行业景气度上行,买入,,东亚前海证券,,75.75,22.62,,,,
2023-04-17,贵州茅台,600519,Q1业绩超预期，坚定看好底部机会,买入,,国金证券,,79.377,21.59,,,,
2023-04-17,贵州茅台,600519,一季度主要经营数据点评：业绩略高于市场预期，发展动能充足,买入,,东吴证券,,77.26,22.18,,,,
2023-04-17,贵州茅台,600519,2023年一季度主要经营数据点评：顺利实现开门红，彰显龙头韧性,买入,,东莞证券,,78.06,21.95,,,,
2023-04-17,贵州茅台,600519,公司简评报告：Q1实现开门红，业绩提速,买入,,东海证券,,79.25,21.62,,,,
2023-04-17,贵州茅台,600519,1Q came in slightly higher than we expected,买入,,招银国际,,,,,,,
2023-04-17,贵州茅台,600519,公司事件点评报告：业绩超预期，一季度开门红,买入,,华鑫证券,,77.75,22.0,,,,
2023-04-04,贵州茅台,600519,点评报告：业绩再创新高，产品、渠道结构升级优化,增持,,万联证券,,77.39,23.28,,,,
2023-04-04,贵州茅台,600519,销售结构显著优化，高品质发展稳步向前,买入,,第一上海证券,,80.9,22.5,,,,
2023-04-03,贵州茅台,600519,2022年年报点评：行稳致远，延续高质量增长,买入,,民生证券,,81.21,22.0,,,,
2023-04-03,贵州茅台,600519,贵州茅台2022年报点评：业绩增20%，直销占比提升,买入,,国元证券,,78.76,22.85,,,,
2023-04-03,贵州茅台,600519,公司简评报告：再创佳绩，稳步攀升,买入,,东海证券,,79.25,22.97,,,,
2023-04-03,贵州茅台,600519,2022年顺利收官，直营渠道加大投放叠加非标酒配额增加拉动均价和利润率提升,增持,,海通国际,,80.0,23.0,,,,
2023-04-03,贵州茅台,600519,22年圆满收官，23年阔步向前,买入,,西南证券,,79.75,22.82,,,,
2023-04-02,贵州茅台,600519,贵州茅台2022年年报点评：逆势增长彰显龙头地位，业绩表现超预期,买入,,东亚前海证券,,75.14,24.22,,,,
2023-04-01,贵州茅台,600519,公司业绩维持较快增速，渠道改革成效显著,买入,,中银证券,,79.28,23.0,,,,
2023-03-31,贵州茅台,600519,结构优化更进一步，业绩高质量兑现,买入,,国金证券,,77.824,23.13,,,,
2023-03-31,贵州茅台,600519,直销瞩目，新一年再上一层楼,增持,,群益证券,,,,,,,
2023-03-31,贵州茅台,600519,i茅台首战大捷，22Q4产品结构提升,买入,,华安证券,,76.77,23.45,,,,
2023-03-31,贵州茅台,600519,22年超额完成全年目标，23年高质量增长可期,买入,,山西证券,,79.28,22.6,,,,
2023-03-31,贵州茅台,600519,2022年年报点评：Q4业绩彰显韧性，全年顺利收官,买入,,东莞证券,,78.06,23.06,,,,
2023-03-31,贵州茅台,600519,2022年年报点评：22年高质量兑现，23年延续15%增速目标,买入,,东吴证券,,77.26,23.3,,,,
2023-03-31,贵州茅台,600519,多效并举，高质前行,买入,,信达证券,,82.05,21.94,,,,
2023-03-31,贵州茅台,600519,直销量翻倍亮眼，非标酒放量及直销拓展仍将是增长源动力,买入,,国信证券,,78.45,22.9,,,,
2023-03-31,贵州茅台,600519,公司事件点评报告：2022年圆满收官，2023年继续进击,买入,,华鑫证券,,77.75,23.2,,,,
2023-03-24,贵州茅台,600519,深度报告：梅花香，自苦寒来,买入,,国元证券,,,,,,,
2023-03-13,000001,000001,点评报告：净利润维持高增,增持,,万联证券,,3.58,3.78,,,,
2023-03-10,000001,000001,业绩持续高增，资产质量边际压力略升,增持,,中银证券,,3.7,3.57,,,,
2023-03-10,000001,000001,2022年报点评：利润延续高增，加力支持实体,买入,,民生证券,,4.09,3.0,,,,
2023-03-10,000001,000001,净利润保持高增，财富管理稳健发展,买入,,东兴证券,,4.37,3.02,,,,
2023-03-09,000001,000001,资产规模稳健增长，积极支持实体经济,增持,,国信证券,,3.25,,,,,
2023-03-09,000001,000001,2022年年报点评：净利润维持高增，资产负债规模稳步扩张,买入,,东莞证券,,4.11,3.21,,,,
2023-03-09,000001,000001,规模扩张带动2022年业绩高增长,买入,,山西证券,,3.55,3.82,,,,
2023-02-16,000001,000001,深度报告：把握修复主线，静候春暖花开,买入,,东莞证券,,,,,,,
2023-02-09,000001,000001,深度报告：把握财富良机，零售新王崛起,买入,,民生证券,,,,,,,
2023-02-06,贵州茅台,600519,Proxy of China’s consumption-led recovery; buying into any weakness for the next recovery wave,买入,,招银国际,,,,,,,
2023-01-17,000001,000001,业绩增长高位持续，持续推荐,增持,,中银证券,,,,,,,
2023-01-17,000001,000001,2022年业绩快报点评：负债结构优化，资产质量稳定,增持,,国信证券,,,,,,,
2023-01-03,贵州茅台,600519,高质量超额实现全年目标，2023继续前行,增持,,群益证券,,,,,,,
2023-01-03,贵州茅台,600519,公司信息更新报告：2022年圆满收官，市场化改革持续,买入,,开源证券,,,,,,,
2023-01-03,贵州茅台,600519,公司事件点评报告：集团遍地开花，公司后劲充足,买入,,华鑫证券,,,,,,,
2023-01-03,贵州茅台,600519,贵州茅台业绩预告点评：Q4业绩增20%，利润水平再提升,买入,,国元证券,,,,,,,
2023-01-03,贵州茅台,600519,2022年生产经营情况点评：茅台酒表现优异和直营渠道占比提升带动利润超预期,增持,,海通国际,,,,,,,
2023-01-02,贵州茅台,600519,事件点评：收入利润实现双位数增长，超额完成年度目标,买入,,民生证券,,,,,,,
2023-01-01,贵州茅台,600519,全年目标超额达成，深化改革成就斐然,买入,,西南证券,,,,,,,
2022-12-30,贵州茅台,600519,2022年度生产经营情况简评,买入,,东吴证券,,,,,,,
2022-12-30,贵州茅台,600519,公司事件点评报告：业绩符合预期，行稳致远向前看,买入,,华鑫证券,,,,,,,
2022-12-30,贵州茅台,600519,事件点评：22年顺利收官，高质量增长可期,买入,,东莞证券,,,,,,,
2022-12-30,贵州茅台,600519,熨滑行业周期，超额完成目标,买入,,信达证券,,,,,,,
2022-12-30,贵州茅台,600519,业绩超预期收官，景气上行配置优先,买入,,国金证券,,,,,,,
2022-12-29,贵州茅台,600519,渠道视角剖析成长：渠道变革史回顾暨未来直销发展贡献展望,买入,,国信证券,,,,,,,
2022-12-19,贵州茅台,600519,茅台酒扩产落地，巩固长期发展基石,买入,,华安证券,,,,,,,
2022-12-18,贵州茅台,600519,公司事件点评报告：扩产保驾护航，前瞻性布局中长期,买入,,华鑫证券,,,,,,,
2022-12-15,贵州茅台,600519,扩产靴子落地，业绩空间可期,买入,,信达证券,,,,,,,
2022-12-15,贵州茅台,600519,事件点评：拟增资扩产茅台酒，业绩增长可期,买入,,东莞证券,,,,,,,
2022-11-30,贵州茅台,600519,公司事件点评报告：首次特别分红，股东增持显信心,买入,,华鑫证券,,,,,,,
2022-11-30,贵州茅台,600519,事件点评：首次实施特别分红，大股东增持彰显信心,买入,,民生证券,,,,,,,
2022-11-29,贵州茅台,600519,股东底部增持，信心更上一层,买入,,东吴证券,,,,,,,
2022-11-24,贵州茅台,600519,公司深度报告（下篇）：白酒巨擘，架海擎天,买入,,东海证券,,,,,,,
2022-11-23,贵州茅台,600519,公司深度报告：行稳致远，价格闯关,买入,,东海证券,,,,,,,
2022-11-23,贵州茅台,600519,关于茅台酒经营数据公告点评：茅台酒营收破千亿，龙头行稳致远,买入,,东莞证券,,,,,,,
2022-11-03,贵州茅台,600519,首次覆盖：茅台酒与系列酒双轮驱动，主动营销拉升直营占比,增持,,海通国际,,,,,,,
2022-10-27,贵州茅台,600519,逆势中信比金坚，底部守望确定性,买入,,国金证券,,,,,,,
2022-10-26,000001,000001,2022年三季报点评：信贷结构优化，切实服务实体,买入,,民生证券,,,,,,,
2022-10-25,000001,000001,1-3Q22归母净利润同比+25.8%，负债结构优化&资产质量稳健,买入,,山西证券,,,,,,,
2022-10-25,000001,000001,规模稳健扩张，大力支持实体,增持,,国信证券,,,,,,,
2022-10-25,000001,000001,服务实体经济能力不断增强,增持,,中银证券,,,,,,,
2022-10-25,000001,000001,营收平稳增长，资产质量保持稳定,买入,,东兴证券,,,,,,,
2022-10-18,贵州茅台,600519,贵州茅台2022年三季报点评：Q3业绩增16%，i茅台亮眼,买入,,国元证券,,,,,,,
2022-10-18,贵州茅台,600519,直销渠道持续放量，业绩稳健余力充足,买入,,西南证券,,,,,,,
2022-10-18,贵州茅台,600519,公司信息更新报告：直销推进提速，旺季平稳过渡,买入,,开源证券,,,,,,,
2022-10-18,贵州茅台,600519,2022年三季报点评：实际报表质量佳，长期行稳致远,买入,,东吴证券,,,,,,,
2022-10-17,贵州茅台,600519,贵州茅台2022年三季报点评：直销渠道潜力释放，产品结构持续优化,买入,,东亚前海证券,,,,,,,
2022-10-17,贵州茅台,600519,高质量业绩兑现，多维改革持续推进,买入,,国金证券,,,,,,,
2022-10-17,贵州茅台,600519,龙头风采依旧，稳健中亮点尽显,买入,,华安证券,,,,,,,
2022-10-17,贵州茅台,600519,公司事件点评报告：直营占比持续提升，i茅台表现优异,买入,,华鑫证券,,,,,,,
2022-10-17,贵州茅台,600519,前三季度稳健增长 实现全年目标确定性强,买入,,山西证券,,,,,,,
2022-10-17,贵州茅台,600519,3季度营收稳健增长，渠道利润撑起业绩安全垫,买入,,中银证券,,,,,,,
2022-10-17,贵州茅台,600519,直销放量稳步推进，龙头业绩确定性和成长性持续突出,买入,,国信证券,,,,,,,
2022-10-17,贵州茅台,600519,直销占比近四成，系列酒高增长,买入,,信达证券,,,,,,,
2022-10-17,贵州茅台,600519,I茅台表现突出，合同负债良好增长,买入,,华金证券,,,,,,,
2022-10-14,贵州茅台,600519,稳健增长韧性十足，全年目标完成无虞,买入,,西南证券,,,,,,,
2022-10-13,贵州茅台,600519,稳健经营，扩大营销,买入,,信达证券,,,,,,,
2022-10-13,贵州茅台,600519,3季度稳健增长，龙头保持业绩定力,买入,,国信证券,,,,,,,
2022-10-13,贵州茅台,600519,1-9月主要经营数据点评：行稳致远，发展势能仍持续向上,买入,,东吴证券,,,,,,,
2022-10-13,贵州茅台,600519,健性首选，基本面态势向好无虞,买入,,国金证券,,,,,,,
2022-10-13,贵州茅台,600519,公司事件点评报告：业绩稳增长，持续释放活力,买入,,华鑫证券,,,,,,,
2022-10-13,贵州茅台,600519,2022年1-9月主要经营数据点评：Q3业绩稳健增长，渠道改革稳步推进,买入,,东莞证券,,,,,,,
2022-08-23,000001,000001,点评报告：资产质量稳定 负债结构进一步优化,增持,,万联证券,,,,,,,
2022-08-22,000001,000001,2022年中报点评：利润保持高增，零售深化转型,买入,,民生证券,,,,,,,
2022-08-19,000001,000001,业绩增速平稳，盈利能力回升,增持,,国信证券,,,,,,,
2022-08-18,000001,000001,盈利实现较高增速，资产质量保持稳健,买入,,东兴证券,,,,,,,
2022-08-18,000001,000001,业绩持续高增，关注估值修复机会,增持,,中银证券,,,,,,,
2022-08-09,贵州茅台,600519,改革红利释放，业绩进入提速期,买入,,东兴证券,,,,,,,
2022-08-04,贵州茅台,600519,半年报点评：系列酒升级成新引擎 直销占比提升助推业绩,增持,,申港证券,,,,,,,
2022-08-04,贵州茅台,600519,2022年半年度报告点评：业绩稳扎稳打，改革成效凸显,买入,,民生证券,,,,,,,
2022-08-04,贵州茅台,600519,2022H1业绩符合预期，营销改革红利持续释放,买入,,第一上海证券,,,,,,,
2022-08-04,贵州茅台,600519,公司信息更新报告：直营渠道成绩优异，未来改革深化空间充足,买入,,开源证券,,,,,,,
2022-08-04,贵州茅台,600519,半年报点评：总量结构皆有亮点，全年目标有望实现,增持,,大同证券,,,,,,,
2022-08-03,贵州茅台,600519,渠道改革红利释放，直营表现亮眼,买入,,山西证券,,,,,,,
2022-08-03,贵州茅台,600519,新团队锐意进取，业绩较快增长，积极发力新产品和新渠道,买入,,中银证券,,,,,,,
2022-08-03,贵州茅台,600519,多重因素保障增长，改革红利持续释放,买入,,华金证券,,,,,,,
2022-08-03,贵州茅台,600519,渠道改革持续赋能，业绩释放确定性强,买入,,华安证券,,,,,,,
2022-08-03,贵州茅台,600519,2022年中报点评报告：线上自营渠道建设初见成效，直营收入增长翻倍,增持,,万联证券,,,,,,,
2022-08-03,贵州茅台,600519,营销改革红利持续释放，龙头业绩确定性彰显,买入,,国信证券,,,,,,,
2022-08-03,贵州茅台,600519,改革成效显著，业绩稳步兑现,买入,,西南证券,,,,,,,
2022-08-03,贵州茅台,600519,直营表现优异，加速释放势能,买入,,华鑫证券,,,,,,,
2022-08-03,贵州茅台,600519,2022年半年度业绩点评：上半年业绩符合预期，渠道改革加速推进,买入,,东莞证券,,,,,,,
2022-08-03,贵州茅台,600519,贵州茅台2022年半年报点评：改革落地加速业绩，全年目标有望实现,买入,,东亚前海证券,,,,,,,
2022-08-03,贵州茅台,600519,2022年中报业绩点评：业绩符合预期，稳中求进韧性足,买入,,东吴证券,,,,,,,
2022-08-03,贵州茅台,600519,茅台的新供给与新需求,买入,,信达证券,,,,,,,
2022-08-03,贵州茅台,600519,业绩稳步兑现，品牌之势破竹前行,买入,,国金证券,,,,,,,
2022-07-26,贵州茅台,600519,业绩符合预期，上半年可圈可点,买入,,华鑫证券,,,,,,,
2022-07-26,贵州茅台,600519,品牌力再提升，改革全面提速,买入,,中邮证券,,,,,,,
2022-07-26,贵州茅台,600519,中报业绩显韧性，直营体系构建和系列酒增长显亮点,买入,,国信证券,,,,,,,
2022-07-25,贵州茅台,600519,公司信息更新报告：Q2延续高增趋势，改革潜力逐步释放,买入,,开源证券,,,,,,,
2022-07-22,贵州茅台,600519,五合营销下，跑起来的速度,买入,,信达证券,,,,,,,
2022-07-22,贵州茅台,600519,稳健增长韧性十足，深化改革砥砺,买入,,西南证券,,,,,,,
2022-07-22,贵州茅台,600519,2022H1经营数据点评：业绩凸显确定性，产能扩建提供长期保障,买入,,民生证券,,,,,,,
2022-07-22,贵州茅台,600519,2022年上半年主要经营数据点评：22Q2实现稳健增长，i茅台贡献业绩增量,买入,,东莞证券,,,,,,,
2022-07-22,贵州茅台,600519,茅台上半年经营数据公告点评-Q2符合预期，Q3环比同比加速可期,买入,,东吴证券,,,,,,,
2022-07-22,贵州茅台,600519,无惧疫情冲击，新产品和新渠道发力，不确定环境下的确定品种,买入,,中银证券,,,,,,,
2022-06-27,贵州茅台,600519,盛夏之时，i茅台助力美文化,买入,,国金证券,,,,,,,
2022-06-20,贵州茅台,600519,阐明五线发展道路，高质量发展大步向前,增持,,群益证券,,,,,,,
2022-06-19,贵州茅台,600519,以美之名发展，万众一心提速,买入,,信达证券,,,,,,,
2022-06-19,贵州茅台,600519,五线思路清晰，高质量加速发展,买入,,华鑫证券,,,,,,,
2022-05-25,贵州茅台,600519,新团队锐意进取，连续两季度提速，不确定环境下的确定品种,买入,,中银证券,,,,,,,
2022-05-09,贵州茅台,600519,利润超市场预期，直营占比加速提升,买入,,山西证券,,,,,,,
2022-04-28,贵州茅台,600519,直销占比提升至34%，营销改革效果初显,买入,,国信证券,,,,,,,
2022-04-28,贵州茅台,600519,一季度业绩超预期，直营占比继续提升,买入,,华鑫证券,,,,,,,
2022-04-28,000001,000001,点评报告：净利润增速维持高位,增持,,万联证券,,,,,,,
2022-04-28,000001,000001,平安银行2022年Q1业绩点评：利润增速2015年以来同期最高，资产质量继续向好,增持,,海通国际,,,,,,,
2022-04-28,000001,000001,业绩持续高增，战略推进积极,增持,,中银证券,,,,,,,
2022-04-27,000001,000001,净息差环比回升，业绩保持高增,买入,,东兴证券,,,,,,,
2022-04-27,000001,000001,2022年一季报点评：存款增长加快，净息差环比回升,增持,,国信证券,,,,,,,
2022-04-27,000001,000001,2022年一季报详解：业绩立标杆，质效双提升,买入,,民生证券,,,,,,,
2022-04-27,000001,000001,Q1归母净利润同比+26.8%，资产质量良好,买入,,华金证券,,,,,,,
2022-04-27,贵州茅台,600519,业绩多点开花，提速发展确立,买入,,信达证券,,,,,,,
2022-04-27,贵州茅台,600519,一季度业绩超预期，直销建设再加速,买入,,国金证券,,,,,,,
2022-04-27,贵州茅台,600519,22Q1业绩超预期，看好全年加速成长,买入,,西南证券,,,,,,,
2022-04-27,贵州茅台,600519,2022年一季报点评：一季度直销占比快速提升，营销改革持续推进,买入,,民生证券,,,,,,,
2022-04-27,贵州茅台,600519,2022年一季度业绩点评：22年开门红数据亮眼，直营渠道加速推进,买入,,东莞证券,,,,,,,
2022-04-27,贵州茅台,600519,贵州茅台2022年一季报点评：改革成效初显，业绩提速可期,买入,,东亚前海证券,,,,,,,
2022-04-27,贵州茅台,600519,2022年一季报业绩点评：利润超预期，直销占比创新高,买入,,东吴证券,,,,,,,
2022-04-27,贵州茅台,600519,1Q开门红如期，22年继续前进,增持,,群益证券,,,,,,,
2022-04-27,贵州茅台,600519,点评报告：渠道改革成绩亮眼，直营单季收入突破百亿,增持,,万联证券,,,,,,,
2022-04-27,贵州茅台,600519,公司信息更新报告：Q1业绩再超预期，成长性和确定性兼备,买入,,开源证券,,,,,,,
2022-04-25,贵州茅台,600519,i茅台意义几何？,买入,,国金证券,,,,,,,
2022-04-11,贵州茅台,600519,2021年量价齐升完美收官，市场化改革谋求更高品质发展,买入,,第一上海证券,,,,,,,
2022-04-06,贵州茅台,600519,公司信息更新报告：2021年圆满收官，2022年改革加速,买入,,开源证券,,,,,,,
2022-04-02,贵州茅台,600519,21年业绩稳健增长，新团队新气象，预计22年将明显提速,买入,,中银证券,,,,,,,
2022-04-02,贵州茅台,600519,21年稳健收官，1Q开门红如期而至,增持,,群益证券,,,,,,,
2022-04-02,贵州茅台,600519,21年完美收官，22年成长提速,买入,,西南证券,,,,,,,
2022-04-01,贵州茅台,600519,贵州茅台2021年报业绩点评：十四五开局良好，市场化改革助推业绩上行,买入,,东亚前海证券,,,,,,,
2022-04-01,贵州茅台,600519,2021年报点评—圆满收官，直销渠道亮眼,买入,,东吴证券,,,,,,,
2022-03-31,贵州茅台,600519,2021年如期收官，2022年业绩加速,买入,,华鑫证券,,,,,,,
2022-03-31,贵州茅台,600519,2021年年报点评报告：营收规模首次突破千亿，产品渠道改革增厚业绩,增持,,万联证券,,,,,,,
2022-03-31,贵州茅台,600519,直销创新高，系列共成长,买入,,信达证券,,,,,,,
2022-03-31,贵州茅台,600519,21年稳健增长，22年加速可期,买入,,华金证券,,,,,,,
2022-03-31,贵州茅台,600519,量价齐升行稳致远，改革红利加速释放,买入,,国金证券,,,,,,,
2022-03-31,贵州茅台,600519,2021年度报告点评：“十四五”顺利开局，推进数字化营销改革,买入,,民生证券,,,,,,,
2022-03-31,贵州茅台,600519,2021年年报与2022年一季度业绩预告点评：22年顺利实现开门红，奠定全年业绩基础,买入,,东莞证券,,,,,,,
2022-03-31,贵州茅台,600519,2021稳中有进，2022目标加速,买入,,山西证券,,,,,,,
2022-03-30,贵州茅台,600519,2021稳中有进，2022实现开门红,买入,,山西证券,,,,,,,
2022-03-29,贵州茅台,600519,一季度业绩开门红，市场化改革再推进,买入,,国金证券,,,,,,,
2022-03-29,贵州茅台,600519,如期开门红，改革望加速,买入,,华鑫证券,,,,,,,
2022-03-25,贵州茅台,600519,深度报告：聚焦营销改革，量价齐升仍可期,买入,,民生证券,,,,,,,
2022-03-11,000001,000001,点评报告：盈利增速维持高位,增持,,万联证券,,,,,,,
2022-03-11,000001,000001,2021年年报详解：财富管理突破，资产质量向好,买入,,民生证券,,,,,,,
2022-03-10,000001,000001,营收增速环比提升，资产质量持续改善,增持,,山西证券,,,,,,,
2022-03-10,000001,000001,业绩保持稳健高增，资产质量持续改善,买入,,东兴证券,,,,,,,
2022-03-10,000001,000001,2021年报点评：业绩增速稳中有升，资产质量持续改善,增持,,国信证券,,,,,,,
2022-03-10,000001,000001,归母净利润同比+25.6%，拨备覆盖率大幅增长,买入,,华金证券,,,,,,,
2022-03-10,贵州茅台,600519,顺利实现开门红，全年业绩提速可期,买入,,西南证券,,,,,,,
2022-03-09,贵州茅台,600519,贵州茅台点评：开门红圆满收官，强改革稳增长可期,买入,,东亚前海证券,,,,,,,
2022-03-09,贵州茅台,600519,1-2月业绩亮眼，改革新周期迈出新步伐,买入,,国信证券,,,,,,,
2022-03-08,贵州茅台,600519,2022年1-2月业绩提速，提振市场信心,买入,,中银证券,,,,,,,
2022-03-08,贵州茅台,600519,贵州茅台公告点评：开门红超市场预期，龙头需求强劲,买入,,东吴证券,,,,,,,
2022-03-08,贵州茅台,600519,经营数据超预期，改革势能持续释放,买入,,国金证券,,,,,,,
2022-03-08,贵州茅台,600519,2022年1-2月经营数据点评：顺利实现“开门红”，市场化改革红利显现,买入,,民生证券,,,,,,,
2022-03-08,贵州茅台,600519,事件点评：顺利实现开门红，基本面稳中向好,买入,,东莞证券,,,,,,,
2022-02-28,贵州茅台,600519,从量价维度剖析茅台的成长空间,买入,,国金证券,,,,,,,
2022-01-18,000001,000001,2021年业绩快报点评：营收上行，拨备大增,买入,,民生证券,,,,,,,
2022-01-13,000001,000001,业绩快报：2021归母净利润同比+25.6%,买入,,华金证券,,,,,,,
2022-01-10,贵州茅台,600519,2021年圆满收官，2022年扬帆起航,买入,,东兴证券,,,,,,,
2022-01-05,贵州茅台,600519,贵州茅台2021年生产经营情况点评：2021行稳致远，2022扬帆启航,买入,,民生证券,,,,,,,
2022-01-05,贵州茅台,600519,贵州茅台：经营保持稳健，改革保障长期活力,买入,,东亚前海证券,,,,,,,
2022-01-05,贵州茅台,600519,2021稳中有进，2022加速可期,买入,,山西证券,,,,,,,
2022-01-05,贵州茅台,600519,4季度如期改善，2022年更值得期待,买入,,中银证券,,,,,,,
2022-01-05,贵州茅台,600519,目标圆满完成，来年加速可期,买入,,西南证券,,,,,,,
2022-01-04,贵州茅台,600519,经营指标超预期完成，营销改革将助力提速,买入,,太平洋,,,,,,,
2022-01-04,贵州茅台,600519,事件点评：业绩稳健增长，量价有望齐升,买入,,东莞证券,,,,,,,
2022-01-04,贵州茅台,600519,以“台”之名，“奔”向未来,买入,,信达证券,,,,,,,
2022-01-04,贵州茅台,600519,21年收入利润稳定增长 22年业绩加速可期,买入,,华金证券,,,,,,,
2022-01-04,贵州茅台,600519,公司信息更新报告：2021年平稳收官，2022年市场化改革加速可期,买入,,开源证券,,,,,,,
2022-01-03,贵州茅台,600519,2021年顺利收官，2022年可期,买入,,华鑫证券,,,,,,,
2022-01-03,贵州茅台,600519,21年圆满收官，静待22年多维度改革加速,买入,,国金证券,,,,,,,
2021-12-24,贵州茅台,600519,行稳致远，改革加速，正在路上,买入,,华鑫证券,,,,,,,
2021-12-01,贵州茅台,600519,营销变革或成茅台未来业绩新增长点，龙头地位助力成长确定性,买入,,东亚前海证券,,,,,,,
2021-11-03,贵州茅台,600519,直营占比提升，业绩增长势能不减,买入,,东兴证券,,,,,,,
2021-10-29,贵州茅台,600519,3Q符合预期，新帅上任彰显新气象,增持,,群益证券,,,,,,,
2021-10-27,贵州茅台,600519,业绩稳中有进，系列酒加速增长,买入,,山西证券,,,,,,,
2021-10-26,贵州茅台,600519,2021年三季度点评：Q3稳健提升，渠道结构持续改善营收规模有望突破千亿,买入,,东吴证券,,,,,,,
2021-10-26,贵州茅台,600519,2021年三季报点评：盈利能力有效改善，加大直营渠道建设力度,增持,,川财证券,,,,,,,
2021-10-26,贵州茅台,600519,3季度业绩稳健增长，耐心等待业绩拐点,买入,,中银证券,,,,,,,
2021-10-25,贵州茅台,600519,直销占比大幅提升，稳健增长蓄力来年,买入,,西南证券,,,,,,,
2021-10-25,贵州茅台,600519,直销与系列酒持续改善，全年目标有望顺利实现,买入,,华金证券,,,,,,,
2021-10-25,贵州茅台,600519,业绩稳增，改革新政稳步推进,买入,,民生证券,,,,,,,
2021-10-25,贵州茅台,600519,2021年三季度业绩点评：Q3业绩稳健增长，全年目标稳步推进,买入,,东莞证券,,,,,,,
2021-10-25,贵州茅台,600519,行稳致远，关注改革新气象,买入,,国金证券,,,,,,,
2021-10-25,贵州茅台,600519,贵州茅台三季报点评：稳健双位数增长、直销进一步提升,买入,,太平洋,,,,,,,
2021-10-25,贵州茅台,600519,系列酒发展强劲，直销促进利润释放,买入,,信达证券,,,,,,,
2021-10-25,贵州茅台,600519,直销渠道表现突出，系列酒延续增长势头,买入,,华鑫证券,,,,,,,
2021-10-25,贵州茅台,600519,点评报告：净利润增速重回两位数，持续优化经销体系,增持,,万联证券,,,,,,,
2021-10-25,贵州茅台,600519,公司信息更新报告：改革持续推进，经营稳中向上,买入,,开源证券,,,,,,,
2021-10-22,000001,000001,业绩持续高增长，财富科技战略积极推进,买入,,中银证券,,,,,,,
2021-10-22,000001,000001,盈利高增可持续，私行财富发展迅猛,买入,,东兴证券,,,,,,,
2021-10-22,000001,000001,2021三季报点评：利润增速创新高 资产质量强认定,买入,,申港证券,,,,,,,
2021-10-21,000001,000001,业绩保持高速增长，非息净收入占比稳步提升,买入,,华金证券,,,,,,,
2021-10-21,000001,000001,点评报告：财富管理业务维持高速增长,增持,,万联证券,,,,,,,
2021-10-21,000001,000001,零售客户高增长，资产质量优化,买入,,华安证券,,,,,,,
2021-10-21,000001,000001,2021年三季报点评：利润超预期，中收有潜力,买入,,东吴证券,,,,,,,
2021-09-28,贵州茅台,600519,新团队新气象，边际向好值得期待,买入,,西南证券,,,,,,,
2021-09-27,贵州茅台,600519,股东大会释放积极信号，新管理层焕发新活力,买入,,国金证券,,,,,,,
2021-09-23,000001,000001,零售转型标杆 集团联动赋能,买入,,申港证券,,,,,,,
2021-08-23,000001,000001,财富管理领先，拨备缓释业绩超预期,增持,,山西证券,,,,,,,
2021-08-22,000001,000001,资产质量表现优异，私行财富发展迅猛,买入,,东兴证券,,,,,,,
2021-08-22,000001,000001,2021年中报点评：资产质量达到历史最佳状态,买入,,东吴证券,,,,,,,
2021-08-20,000001,000001,点评报告：财富管理业务保持较快增长,增持,,万联证券,,,,,,,
2021-08-20,000001,000001,归母净利润增速大超预期,买入,,华安证券,,,,,,,
2021-08-20,000001,000001,业绩保持快增，资产质量向好,买入,,中银证券,,,,,,,
2021-08-19,000001,000001,H121归母净利润同比+28.5%,买入,,华金证券,,,,,,,
2021-08-19,000001,000001,此玉已烧三日满：透视平安银行零售转型,买入,,华安证券,,,,,,,
2021-08-09,贵州茅台,600519,渠道建设稳步推进，系列酒表现可圈可点,买入,,第一上海证券,,,,,,,
2021-08-09,贵州茅台,600519,深度报告：峥嵘七十载，万亿白酒龙头行稳致远,买入,,东莞证券,,,,,,,
2021-08-04,贵州茅台,600519,终端需求强劲，中报业绩稳健，全年有望前低后高，长期布局良机到来,买入,,中银证券,,,,,,,
2021-08-03,贵州茅台,600519,收入稳中有升，直销渠道表现突出,买入,,华鑫证券,,,,,,,
2021-08-03,贵州茅台,600519,点评报告：“稳”即是“快”，高端白酒龙头延续高质量增长,增持,,万联证券,,,,,,,
2021-08-02,贵州茅台,600519,二季度业绩符合预期，年度目标可稳步实现,买入,,华安证券,,,,,,,
2021-08-02,贵州茅台,600519,2021年半年报点评：上半年实现稳健增长，直营收入占比达历史最高,买入,,民生证券,,,,,,,
2021-08-02,贵州茅台,600519,公司信息更新报告：业绩增速平稳，直销持续推进,买入,,开源证券,,,,,,,
2021-08-02,贵州茅台,600519,2021年中报点评：Q2符合市场预期，渠道结构持续改善系列酒发力,买入,,东吴证券,,,,,,,
2021-08-02,贵州茅台,600519,2021年半年度业绩点评：上半年业绩略低于预期，直销渠道加速推进,买入,,东莞证券,,,,,,,
2021-08-02,贵州茅台,600519,2021年半年报点评：直营渠道建设稳步推进，系列酒有望持续创造增量,增持,,川财证券,,,,,,,
2021-08-02,贵州茅台,600519,直销与系列酒持续改善，期待结构优化业绩增长,买入,,华金证券,,,,,,,
2021-08-02,贵州茅台,600519,贵州茅台中报点评：保持稳定增长，具备长期价值,买入,,太平洋,,,,,,,
2021-08-02,贵州茅台,600519,高质量发展，业绩稳中向好,买入,,国金证券,,,,,,,
2021-08-02,贵州茅台,600519,直销占比提升，系列酒快速增长,买入,,信达证券,,,,,,,
2021-08-02,贵州茅台,600519,锚定全年目标，稳中求进余力充足,买入,,西南证券,,,,,,,
2021-05-20,贵州茅台,600519,事件点评：扩产提价需综合考量，直销渠道加速推进,买入,,东莞证券,,,,,,,
2021-04-30,贵州茅台,600519,点评报告：直销占比提升逻辑不断兑现，提价效应释放可期,增持,,万联证券,,,,,,,
2021-04-29,贵州茅台,600519,贵州茅台一季报点评：收入稳健双位数增长，税金影响利润表现,买入,,太平洋,,,,,,,
2021-04-29,贵州茅台,600519,2021年一季报点评：消费税拉低一季度业绩，21年前低后高仍值得期待,买入,,国信证券,,,,,,,
2021-04-29,贵州茅台,600519,收入稳中有升，税金致业绩短期波动,买入,,华鑫证券,,,,,,,
2021-04-29,贵州茅台,600519,营业收入增长稳健，税金拖累短期利润,买入,,第一上海证券,,,,,,,
2021-04-28,贵州茅台,600519,2021年一季报点评：收入端实现稳健增长，税金确认拖累短期业绩,买入,,民生证券,,,,,,,
2021-04-28,贵州茅台,600519,税金影响1Q利润，关注直销渠道建设,增持,,群益证券,,,,,,,
2021-04-28,贵州茅台,600519,2021年一季报点评：直营投放持续加大，全年业绩有望实现稳健增长,增持,,川财证券,,,,,,,
2021-04-28,贵州茅台,600519,业绩低于预期，静待拐点出现,买入,,中银证券,,,,,,,
2021-04-28,贵州茅台,600519,短期业绩受缴税节奏扰动，全年稳健增长可期,买入,,国金证券,,,,,,,
2021-04-28,贵州茅台,600519,实际经营符合预期，税金大幅波动但可解释,买入,,华安证券,,,,,,,
2021-04-28,贵州茅台,600519,税金拖累净利润，短期波动不改长期逻辑,买入,,信达证券,,,,,,,
2021-04-28,贵州茅台,600519,税费影响短期业绩，长期逻辑依然清晰,买入,,西南证券,,,,,,,
2021-04-28,贵州茅台,600519,公司信息更新报告：营收符合预期，消费税率上升拖累利润表现,买入,,开源证券,,,,,,,
2021-04-27,000001,000001,点评报告：零售业务增长强劲，资产质量仍在改善,增持,,万联证券,,,,,,,
2021-04-23,000001,000001,多面开花，业绩卓然,买入,,中银证券,,,,,,,
2021-04-22,000001,000001,2021年一季报点评：盈利实现高增，资产质量改善明显,买入,,东莞证券,,,,,,,
2021-04-22,000001,000001,2021年一季报：业绩表现优秀，资产质量进一步夯实,买入,,万和证券,,,,,,,
2021-04-21,000001,000001,净利润双位数增长，资产质量持续改善,买入,,东兴证券,,,,,,,
2021-04-21,000001,000001,平安银行一季报点评：业绩高速增长，资产质量指标全面改善,买入,,太平洋,,,,,,,
2021-04-21,000001,000001,业绩超预期、出清历史包袱资产质量更优,买入,,华金证券,,,,,,,
2021-04-21,000001,000001,由资产质量引发的超预期高增长！,买入,,东吴证券,,,,,,,
2021-04-16,贵州茅台,600519,产品结构优化，直营比例提升，业绩潜力巨大,买入,,中银证券,,,,,,,
2021-04-09,贵州茅台,600519,业绩稳健增长，长期确定性高,买入,,万和证券,,,,,,,
2021-04-06,贵州茅台,600519,十四五稳健开年，业绩稳中求进,买入,,东兴证券,,,,,,,
2021-04-02,贵州茅台,600519,公司信息更新报告：2020年圆满收官，2021年规划稳健,买入,,开源证券,,,,,,,
2021-04-02,贵州茅台,600519,2020年年报点评：整体均价有望提升，长期增长确定性高,买入,,东吴证券,,,,,,,
2021-04-01,贵州茅台,600519,2020年年报点评：20年业绩略超预期，21年有望继续快速增长,买入,,国信证券,,,,,,,
2021-04-01,贵州茅台,600519,点评报告：吨价提升助力十三五完美收官，十四五“稳”字为先开门红可期,增持,,万联证券,,,,,,,
2021-04-01,贵州茅台,600519,贵州茅台年报点评：直销渠道及产品结构双提升带动利润超预期,买入,,太平洋,,,,,,,
2021-04-01,贵州茅台,600519,业绩略超预期，吨价表现亮眼,买入,,信达证券,,,,,,,
2021-03-31,贵州茅台,600519,均价上升驱动为主，十四五仍值得期待,买入,,华安证券,,,,,,,
2021-03-31,贵州茅台,600519,收入利润稳健增长 全年目标顺利完成,买入,,华金证券,,,,,,,
2021-03-31,贵州茅台,600519,2020年年报点评：“十三五”稳健收官，“十四五”远大目标可期,买入,,民生证券,,,,,,,
2021-03-31,贵州茅台,600519,2020年报点评：业绩略超预期，新五年目标稳步推进,增持,,川财证券,,,,,,,
2021-03-31,贵州茅台,600519,“十三五”稳健收官，新五年未来可期,增持,,群益证券,,,,,,,
2021-03-31,贵州茅台,600519,业绩略超预期，“十三五”圆满收官,买入,,华鑫证券,,,,,,,
2021-03-31,贵州茅台,600519,渠道改善+非标占比提升，推动业绩稳健增长,买入,,西南证券,,,,,,,
2021-03-01,贵州茅台,600519,重大事件快评：供销两旺确保十四五开局，估值回落布局机会显现,买入,,国信证券,,,,,,,
2021-02-03,000001,000001,平安银行年报点评：表外理财回表，2021年轻装上阵,买入,,太平洋,,,,,,,
2021-02-03,000001,000001,年报点评报告：资产质量持续改善 零售端持续发力,增持,,万联证券,,,,,,,
2021-02-02,000001,000001,轻装上阵，优化内核,买入,,中银证券,,,,,,,
2021-02-02,000001,000001,零售对公业务亮点纷呈，资产质量持续改善,买入,,东兴证券,,,,,,,
2021-02-02,000001,000001,全年归母净利润增速转正，零售转型值得赞许,买入,,华金证券,,,,,,,
2021-02-02,000001,000001,2020年年报点评：四季度利润强劲反弹43%，不良率降至近六年新低,买入,,东吴证券,,,,,,,
2021-02-01,000001,000001,打造全球领先的智能化零售银行,买入,,西南证券,,,,,,,
2021-01-28,贵州茅台,600519,公司深度报告：复盘2020：质量为本，稳字当头,买入,,信达证券,,,,,,,
2021-01-18,贵州茅台,600519,加大拆箱促开瓶消费，十四五成长确定性高，值得长期坚守,买入,,中银证券,,,,,,,
2021-01-06,贵州茅台,600519,2020年度生产经营情况点评：全年增长稳健，十四五目标确保稳定增长,增持,,川财证券,,,,,,,
2021-01-05,贵州茅台,600519,贵州茅台经营数据点评：收入达成目标，十三五完美收官,买入,,太平洋,,,,,,,
2021-01-04,贵州茅台,600519,业绩预告略超我们预期，业务成长确定性仍最强,买入,,华安证券,,,,,,,
2021-01-04,贵州茅台,600519,2020年度生产经营情况点评：整体经营稳健，“十四五”行以致远,买入,,民生证券,,,,,,,
2020-12-29,贵州茅台,600519,贵州茅台跟踪报告：拨开迷雾看经营，业绩稳快不可挡,增持,,海通国际,,,,,,,
2020-12-28,000001,000001,积极进取的零售银行，受益于经济复苏，消费端回暖,增持,,群益证券,,,,,,,
2020-12-24,贵州茅台,600519,再划转股份或超预期，十四五可展望年增双位数,买入,,华安证券,,,,,,,
2020-12-22,贵州茅台,600519,重大事件快评：十三五圆满收官，十四五开启高质量发展新征程,买入,,国信证券,,,,,,,
2020-12-01,000001,000001,金融科技赋能，零售对公协同发展,买入,,中银证券,,,,,,,
2020-11-30,贵州茅台,600519,事项点评报告：Q4直销放量渠道优化进行时，飞天批价仍坚挺,增持,,万联证券,,,,,,,
2020-10-29,贵州茅台,600519,贵州茅台三季报点评：主营业务稳健，直销比例同比提升,买入,,太平洋,,,,,,,
2020-10-27,贵州茅台,600519,直营渠道持续改善 稳步实现全年目标,买入,,第一上海证券,,,,,,,
2020-10-27,贵州茅台,600519,业绩低于预期，未来增长确定性高，值得长期坚守,买入,,中银证券,,,,,,,
2020-10-27,贵州茅台,600519,2020三季报点评：直营占比继续提升，全年双位数增长有望顺利达成,买入,,国信证券,,,,,,,
2020-10-26,000001,000001,平安银行：净利润增速回正，资产质量拐点已现,买入,,太平洋,,,,,,,
2020-10-26,贵州茅台,600519,Q3稳健，且看长远,买入,,东吴证券,,,,,,,
2020-10-26,贵州茅台,600519,公司信息更新报告：直营渠道高增长，茅台酒稳健发展,买入,,开源证券,,,,,,,
2020-10-26,贵州茅台,600519,十三五有望平稳收官，十四五仍值得期待,买入,,华安证券,,,,,,,
2020-10-26,贵州茅台,600519,2020年三季报点评：直营渠道持续放量，全年增长目标确定性高,增持,,川财证券,,,,,,,
2020-10-26,贵州茅台,600519,2020年三季报点评：直营支撑公司增长，全年任务稳步推进,买入,,民生证券,,,,,,,
2020-10-26,贵州茅台,600519,季报点评报告：稳健发展为先，直营继续发力,增持,,万联证券,,,,,,,
2020-10-26,贵州茅台,600519,业绩平稳增长，直营占比继续提升,买入,,山西证券,,,,,,,
2020-10-26,贵州茅台,600519,收入利润稳健增长 全年目标达成可期,买入,,华金证券,,,,,,,
2020-10-26,贵州茅台,600519,渠道改革初见成效，直营占比持续提升,买入,,西南证券,,,,,,,
2020-10-26,贵州茅台,600519,业绩稳定增长，全年目标无虞,买入,,国金证券,,,,,,,
2020-10-23,000001,000001,夯实基础促稳健经营，零售发力战略执行坚定,买入,,中银证券,,,,,,,
2020-10-23,000001,000001,平安银行2020年三季报业绩点评：业绩“V”型反转，支撑估值持续修复,增持,,新时代证券,,,,,,,
2020-10-23,000001,000001,单季净利润显著回升，资产质量改善超预期,买入,,东兴证券,,,,,,,
2020-10-22,000001,000001,详细解读平安银行2020年三季报：两市首份银行三季报，利润增速触底回升,买入,,民生证券,,,,,,,
2020-10-22,000001,000001,Profit expansion back on track; Asset quality a bright spot,买入,,招银国际,,,,,,,
2020-10-22,000001,000001,不良核销力度加大，Q3净息差优化明显,买入,,华金证券,,,,,,,
2020-10-22,000001,000001,2020年三季报点评：三季报回暖振奋人心，不良率因何大幅下行？,买入,,东吴证券,,,,,,,
2020-10-22,000001,000001,季报点评报告：资产质量好于市场预期,增持,,万联证券,,,,,,,
2020-10-22,000001,000001,1-3Q2020业绩点评：3Q净利增速回升，源于资产质量改善反哺,增持,,群益证券,,,,,,,
2020-08-31,000001,000001,平安银行2020年中报业绩点评：夯实转型基础，主动加大拨备计提,增持,,新时代证券,,,,,,,
2020-08-28,000001,000001,Bottom line disappoints but core earnings resilient,买入,,招银国际,,,,,,,
2020-08-28,000001,000001,拨备前利润增速稳健，关注资产质量表现,买入,,中银证券,,,,,,,
2020-08-28,000001,000001,拨备前利润维持高增，资产质量稳健,买入,,东兴证券,,,,,,,
2020-08-28,000001,000001,半年报点评报告：拨备前利润实现较高增长,增持,,万联证券,,,,,,,
2020-08-28,000001,000001,2020年中报点评：利润下滑11%与拨备覆盖率提升32pct,买入,,东吴证券,,,,,,,
2020-08-28,000001,000001,详细解读平安银行2020年半年报：低调的利润增速藏不住靓丽的基本面,买入,,民生证券,,,,,,,
2020-08-28,000001,000001,零售转型依旧亮眼、关注信用卡不良率抬升,买入,,华金证券,,,,,,,
2020-07-30,贵州茅台,600519,直营占比继续提升，龙头业绩稳健增长,买入,,东兴证券,,,,,,,
2020-07-30,贵州茅台,600519,改革深化，行稳致远,买入,,新时代证券,,,,,,,
2020-07-29,贵州茅台,600519,半年报点评报告：直营加速放量，全年目标底气十足,增持,,万联证券,,,,,,,
2020-07-29,贵州茅台,600519,收入利润稳健增长 持续彰显龙头风范,买入,,华金证券,,,,,,,
2020-07-29,贵州茅台,600519,2020年中报点评：直营渠道持续放量，全年10%增长确定性高,增持,,川财证券,,,,,,,
2020-07-29,贵州茅台,600519,时间过半任务过半，核心资产稳健前行,买入,,东吴证券,,,,,,,
2020-07-29,贵州茅台,600519,业绩稳健增长，直营渠道加速落地,买入,,山西证券,,,,,,,
2020-07-29,贵州茅台,600519,2020年半年点评：任务过半目标如期完成，直营渠道放量显著提速,买入,,民生证券,,,,,,,
2020-07-29,贵州茅台,600519,业绩稳健增长，未来确定性高,买入,,中银证券,,,,,,,
2020-07-29,贵州茅台,600519,中报符合预期，唯需紧密关注供给,买入,,华安证券,,,,,,,
2020-07-29,贵州茅台,600519,贵州茅台中报点评：短期减速不改长期逻辑，报表质量明显回升,买入,,太平洋,,,,,,,
2020-07-29,贵州茅台,600519,行稳致远，直营占比持续提升,买入,,西南证券,,,,,,,
2020-07-28,贵州茅台,600519,产能释放新周期，量价齐升仍可期,买入,,华安证券,,,,,,,
2020-06-23,000001,000001,首次覆盖报告：科技引领，零售突破：打造全球领先的智能化商业银行,增持,,新时代证券,,,,,,,
2020-04-30,贵州茅台,600519,酱香龙头扬帆起航，20Q1稳健增长,买入,,国金证券,,,,,,,
2020-04-29,贵州茅台,600519,渠道吸纳能力强，业绩如期实现双位数增长,买入,,中银证券,,,,,,,
2020-04-29,贵州茅台,600519,季报点评报告：Q1如期开门红，龙头表率为板块注入强心针,增持,,万联证券,,,,,,,
2020-04-28,贵州茅台,600519,压力下显成色，向确定性要溢价,买入,,东吴证券,,,,,,,
2020-04-28,贵州茅台,600519,业绩稳健增长，全年无忧,买入,,西南证券,,,,,,,
2020-04-28,贵州茅台,600519,收入利润均超预期 疫情下凸显龙头确定性,买入,,第一上海证券,,,,,,,
2020-04-28,贵州茅台,600519,公司信息更新报告：一季报迎来开门红，2020年业绩确定性强,买入,,开源证券,,,,,,,
2020-04-28,贵州茅台,600519,起锚“后千亿”开局良好，直营贡献率提升,买入,,新时代证券,,,,,,,
2020-04-28,贵州茅台,600519,贵州茅台一季报点评：业绩略超预期，龙头抗风险能力凸显,买入,,太平洋,,,,,,,
2020-04-28,贵州茅台,600519,2020年一季报点评：20Q1业绩稳健增长，全年业绩确定性仍冠绝行业,买入,,民生证券,,,,,,,
2020-04-28,贵州茅台,600519,2020年一季报点评：渠道改革效果明显，一季报业绩稳健,增持,,川财证券,,,,,,,
2020-04-24,贵州茅台,600519,股价再创新高，2020年业绩确定性强,增持,,川财证券,,,,,,,
2020-04-23,贵州茅台,600519,年报点评报告：2019顺利收官略超指引，后千亿时代发展可期,增持,,万联证券,,,,,,,
2020-04-23,贵州茅台,600519,19年顺利收官，20年拥抱确定性,买入,,国金证券,,,,,,,
2020-04-23,贵州茅台,600519,19年完美收官，业绩稳健增长,买入,,山西证券,,,,,,,
2020-04-23,贵州茅台,600519,"2019 results largely in line, resilient growth ahead",买入,,高盛高华证券,,,,,,,
2020-04-22,贵州茅台,600519,公司信息更新报告：直营如期提速，业绩增长稳健,买入,,开源证券,,,,,,,
2020-04-22,贵州茅台,600519,2019年报点评：贵州茅台业绩符合预期，全年10%收入目标不改,增持,,川财证券,,,,,,,
2020-04-22,贵州茅台,600519,2019稳健收官，2020值得期待,买入,,中银证券,,,,,,,
2020-04-22,贵州茅台,600519,收入稳中有升，直销渠道改革推进,买入,,华鑫证券,,,,,,,
2020-04-22,贵州茅台,600519,而今迈步从头越，穿越周期看茅台,买入,,东吴证券,,,,,,,
2020-04-22,贵州茅台,600519,2019年报点评：2019年实现稳健增长，2020年确定性仍冠绝行业,买入,,民生证券,,,,,,,
2020-04-22,贵州茅台,600519,贵州茅台年报：净利润略超预期，继续维持健康增长,买入,,太平洋,,,,,,,
2020-04-22,000001,000001,盈利保持高速增长，资产质量表现平稳,买入,,东兴证券,,,,,,,
2020-04-22,贵州茅台,600519,量价齐升，带动业绩稳健增长,买入,,西南证券,,,,,,,
2020-04-22,000001,000001,季报点评报告：一季度净息差保持基本稳定,增持,,万联证券,,,,,,,
2020-04-22,000001,000001,平安银行：一季报表现亮眼，维持较快增速,买入,,太平洋,,,,,,,
2020-04-21,000001,000001,2020年一季报点评：逆势强劲增长14.8%，资产质量总体稳定,买入,,东吴证券,,,,,,,
2020-04-21,000001,000001,点评平安银行一季报：无惧疫情影响，用实力说话,买入,,民生证券,,,,,,,
2020-04-21,000001,000001,盈利增速超预期提升，风险抵补能力增强,买入,,中银证券,,,,,,,
2020-04-21,000001,000001,Solid earnings momentum; Asset quality trend is key to watch,买入,,招银国际,,,,,,,
2020-04-02,贵州茅台,600519,公司信息更新报告：行业逐渐回暖，公司稳中求进,买入,,开源证券,,,,,,,
2020-03-23,000001,000001,Conference call takeaway – Business outlook remains solid,买入,,招银国际,,,,,,,
2020-03-19,贵州茅台,600519,公司首次覆盖报告：量价空间充足，增长确定性强,买入,,开源证券,,,,,,,
2020-03-06,贵州茅台,600519,贵州茅台：新老交棒，后千亿时代延续上升周期,买入,,太平洋,,,,,,,
2020-03-05,贵州茅台,600519,事件点评：公司人事发生变动，“后千亿”时代可期,增持,,川财证券,,,,,,,
2020-03-02,000001,000001,平安银行深度报告：零售对公双拳出击，旗帜鲜明推平安,买入,,民生证券,,,,,,,
2020-03-02,贵州茅台,600519,行稳方致远，质地享溢价,买入,,东吴证券,,,,,,,
2020-02-25,贵州茅台,600519,首次覆盖报告：行稳致远，工匠精神打造液体金字塔,增持,,万联证券,,,,,,,
2020-02-22,000001,000001,透视平安集团年报，掘金银行资源禀赋,买入,,东吴证券,,,,,,,
2020-02-19,000001,000001,对公复苏，负债改善，净息差强势,买入,,东吴证券,,,,,,,
2020-02-17,000001,000001,零售业务稳健发展 关注资产质量变动,增持,,万联证券,,,,,,,
2020-02-16,000001,000001,平安银行年报点评：夯实资产质量，蓄力未来发展,买入,,太平洋,,,,,,,
2020-02-16,000001,000001,4Q19业绩亮点-息差企稳，派息提升,买入,,招银国际,,,,,,,
2020-02-14,000001,000001,主营业务增长强劲，关注资产质量表现,买入,,中银证券,,,,,,,
2020-02-14,000001,000001,平安银行年报点评：夯实资产质量，改善存款成本,买入,,民生证券,,,,,,,
2020-02-14,000001,000001,Stable NIM and rising dividend payout highlight 4Q19 results,买入,,招银国际,,,,,,,
2020-02-14,000001,000001,息差彰显韧性、资产质量持续优化,买入,,华金证券,,,,,,,
2020-02-14,000001,000001,2019年年报点评：拨备计提增加，不良认定趋严,买入,,群益证券,,,,,,,
2020-01-14,000001,000001,2019年业绩快报点评：主动计提拨备，对公业务复苏初显成效,买入,,东吴证券,,,,,,,
2020-01-14,000001,000001,存贷业务快增，不良认定趋严,买入,,中银国际,,,,,,,
2020-01-14,000001,000001,平安银行业绩快报点评：清理包袱加快放贷，真实盈利能力改善,买入,,民生证券,,,,,,,
2020-01-06,贵州茅台,600519,业绩略低于预期，稳基础，期待后千亿时代,买入,,西南证券,,,,,,,
2020-01-05,贵州茅台,600519,2019年低于预期，2020年稳字当头，提价可能性仍然存在,买入,,中银国际,,,,,,,
2020-01-03,贵州茅台,600519,重视稳健发展，后千亿时代增长动力足,买入,,华金证券,,,,,,,
2020-01-03,贵州茅台,600519,贵州茅台：销量计划超预期，无需担忧季度波动,买入,,太平洋,,,,,,,
2020-01-03,贵州茅台,600519,基础建设年，稳中求进取,买入,,东吴证券,,,,,,,
2020-01-02,贵州茅台,600519,事件点评：贵州茅台利润增速不及预期，2020年将以稳为主线,增持,,川财证券,,,,,,,
2019-12-30,贵州茅台,600519,强基固本“后千亿”，2020规划量超市场预期,买入,,新时代证券,,,,,,,
2019-12-27,贵州茅台,600519,事件点评：贵州茅台明年计划量3.45万吨，自营规模将大幅提升,增持,,川财证券,,,,,,,
2019-12-26,贵州茅台,600519,贵州茅台：茅台股权划转，助力政府融资发展,买入,,太平洋,,,,,,,
2019-10-23,000001,000001,Long-term prospect stays intact despite some NIM pressure,买入,,招银国际,,,,,,,
2019-10-23,000001,000001,平安银行：资产质量稳定，业绩依然保持较快增长,买入,,太平洋,,,,,,,
2019-10-23,000001,000001,2019年三季报点评：净利润保持高增长，资产质量平稳，风险抵补能力提升,买入,,东莞证券,,,,,,,
2019-10-23,000001,000001,三季报点评：业绩基本符合预期，收入端增长强劲,买入,,群益证券,,,,,,,
2019-10-22,000001,000001,营收增速提升，息差环比收窄,买入,,中银国际,,,,,,,
2019-10-22,000001,000001,平安银行三季报点评：利润高增长，零售快转型,增持,,民生证券,,,,,,,
2019-10-22,000001,000001,2019年三季报点评：ROE持续上行，单季度利润创新高,买入,,东吴证券,,,,,,,
2019-10-22,000001,000001,平安银行2019年三季报点评：零售转型持续显成效，不良平稳,买入,,东兴证券,,,,,,,
2019-10-18,贵州茅台,600519,Direct sales continue to increase,增持,,中国银河国际证券,,,,,,,
2019-10-16,贵州茅台,600519,2019年三季报点评：直营逐步落地，全年14%的收入增长目标可期,增持,,川财证券,,,,,,,
2019-10-16,贵州茅台,600519,2019年三季报点评：业绩短期不及预期，确认节奏保守是主因,买入,,民生证券,,,,,,,
2019-10-16,贵州茅台,600519,直营比例已现拐点，期待持续提升,买入,,西南证券,,,,,,,
2019-10-16,贵州茅台,600519,经营稳步向前，直销陆续放量,买入,,华金证券,,,,,,,
2019-10-16,贵州茅台,600519,体系调整时，稳增长可期,买入,,东吴证券,,,,,,,
2019-10-16,贵州茅台,600519,营收稳健增长，未来一年存在提价的可能性,买入,,中银国际,,,,,,,
2019-10-16,贵州茅台,600519,2019年三季报点评：Q3增速同比有所提升,买入,,东莞证券,,,,,,,
2019-10-16,贵州茅台,600519,贵州茅台三季报点评：多措并举，批价理性回归，发货节奏拖累季度业绩略低预期,买入,,新时代证券,,,,,,,
2019-10-16,贵州茅台,600519,贵州茅台：明年股价空间取决于未来酒价涨幅,买入,,太平洋,,,,,,,
2019-10-16,贵州茅台,600519,业绩略低预期，需求依旧强劲,买入,,国金证券,,,,,,,
2019-10-16,贵州茅台,600519,贵州茅台2019Q3财报点评：渠道改革任重道远，价格管控能力凸显,买入,,东兴证券,,,,,,,
2019-08-14,贵州茅台,600519,贵州茅台：集团销售方案好于预期，旺季放量业绩可期,买入,,太平洋,,,,,,,
2019-08-12,贵州茅台,600519,关联交易计划好于市场预期，3季度有望快速增长,买入,,中银国际,,,,,,,
2019-08-12,贵州茅台,600519,事件点评：贵州茅台关联交易金额符合预期，多措并举控价,增持,,川财证券,,,,,,,
2019-08-12,贵州茅台,600519,贵州茅台事件点评：关联交易合理解决，旺季放量有望带动板块小高潮,买入,,东兴证券,,,,,,,
2019-08-12,贵州茅台,600519,茅台集团营销方案落地，期待旺季放量加快,买入,,华金证券,,,,,,,
2019-08-12,000001,000001,核心指标全面向好，未来持续超预期,买入,,东吴证券,,,,,,,
2019-08-08,000001,000001,业绩全面改善，净息差及不良率表现亮眼,买入,,招银国际,,,,,,,
2019-08-08,000001,000001,All-round improvement; NIM & NPL are bright spots,买入,,招银国际,,,,,,,
2019-08-08,000001,000001,息差表现亮眼，零售贡献度持续提升,买入,,中银国际,,,,,,,
2019-08-08,000001,000001,零售业务步入提质阶段，资产质量优化,买入,,华金证券,,,,,,,
2019-08-08,000001,000001,平安银行2019年半年报点评：盈利能力稳步提升，零售业务不断突破,买入,,东兴证券,,,,,,,
2019-08-08,000001,000001,点评报告：二季度净息差继续上行,增持,,万联证券,,,,,,,
2019-08-08,000001,000001,半年报点评：息差提升推动净利快速增长,增持,,群益证券,,,,,,,
2019-07-22,贵州茅台,600519,贵州茅台中报分析：报表销量或超预期，吨价和预收款合理，净利率提升,买入,,太平洋,,,,,,,
2019-07-19,贵州茅台,600519,存在成长空间，增速虽有下行，不必过分担心,增持,,中邮证券,,,,,,,
2019-07-18,贵州茅台,600519,收入表现波澜不惊，酝酿下一轮超预期表现,买入,,国金证券,,,,,,,
2019-07-18,贵州茅台,600519,巨人再迈大步，完成全年目标决心坚定,买入,,华金证券,,,,,,,
2019-07-18,贵州茅台,600519,营收增速放缓并非终端需求变化,买入,,中银国际,,,,,,,
2019-07-18,贵州茅台,600519,2019年中报点评：静待直营落地，全年增长无忧,增持,,川财证券,,,,,,,
2019-07-18,贵州茅台,600519,Q2高基数稳增长，静待营销体制变革落地,买入,,东吴证券,,,,,,,
2019-07-18,贵州茅台,600519,2019年半年报点评：业绩低于预期，三季度放量是大概率事件,买入,,民生证券,,,,,,,
2019-07-18,贵州茅台,600519,业绩略低于预期，盈利能力提升明显,买入,,西南证券,,,,,,,
2019-07-18,贵州茅台,600519,需求支撑批价，全年业绩增长确定性高,买入,,新时代证券,,,,,,,
2019-07-18,贵州茅台,600519,贵州茅台2019年中报点评：中报业绩符合预期，下半年直营有望放量,买入,,东兴证券,,,,,,,
2019-07-18,贵州茅台,600519,批价坚挺，下半年直营有望落地,买入,,群益证券,,,,,,,
2019-07-15,贵州茅台,600519,事件点评：中报增速同比有所回落,买入,,东莞证券,,,,,,,
2019-07-15,贵州茅台,600519,贵州茅台业绩预告点评：收入利润符合预期，平均吨价提升明显,买入,,太平洋,,,,,,,
2019-07-15,贵州茅台,600519,看好Q3报表端表现，全年业绩增长无需担忧,买入,,国金证券,,,,,,,
2019-07-14,贵州茅台,600519,业绩略低于预期，供需依然偏紧,买入,,西南证券,,,,,,,
2019-07-14,贵州茅台,600519,2019年上半年经营数据点评：上半年业绩符合全年指引，静待直营放量,增持,,川财证券,,,,,,,
2019-07-09,贵州茅台,600519,中秋价格有望坚挺，持续增长给予估值溢价,买入,,东兴证券,,,,,,,
2019-07-02,000001,000001,基本面迎拐点，依托集团转型可期,买入,,中银国际,,,,,,,
2019-07-01,000001,000001,Best proxy to capture the retail banking boom,买入,,招银国际,,,,,,,
2019-07-01,贵州茅台,600519,贵州茅台：享受龙头溢价，提高目标价到1240元,买入,,太平洋,,,,,,,
2019-06-20,贵州茅台,600519,飞天茅台酒的合理价格应多少？,买入,,太平洋,,,,,,,
2019-06-13,贵州茅台,600519,贵州茅台简评：6月份中下旬放量，平均吨价提升明显,买入,,太平洋,,,,,,,
2019-06-06,000001,000001,零售转型步入盈利提升与资产质量优化新阶段,买入,,华金证券,,,,,,,
2019-05-20,贵州茅台,600519,强大品牌力及渠道控制力成就茅台,增持,,川财证券,,,,,,,
2019-05-19,贵州茅台,600519,业绩增速维持高位，渠道变革有望夯实定价基础,买入,,新时代证券,,,,,,,
2019-05-10,贵州茅台,600519,集团分食是短期扰动，北上资金决定短期走势,买入,,太平洋,,,,,,,
2019-05-09,贵州茅台,600519,开门红如期而至，后续关注直营比例提升,买入,,群益证券,,,,,,,
2019-04-30,贵州茅台,600519,2019Q1财报点评：一季度业绩超预期，渠道改革推动业绩快速提升,买入,,东兴证券,,,,,,,
2019-04-26,贵州茅台,600519,2019年一季报点评：业绩高速增长，预收款回落明显,买入,,西南证券,,,,,,,
2019-04-26,贵州茅台,600519,真实需求强劲，未来两年将惊喜不断，继续强烈推荐,买入,,中银国际,,,,,,,
2019-04-26,贵州茅台,600519,一季报点评：一季度再超预期，产品升级是主因,买入,,太平洋,,,,,,,
2019-04-25,贵州茅台,600519,【联讯食饮】贵州茅台：收入利润高增长，直销比例有待提高,增持,,联讯证券,,,,,,,
2019-04-25,贵州茅台,600519,2019年一季报点评：Q1业绩略超预期，Q2直营渠道有望顺利放量,买入,,民生证券,,,,,,,
2019-04-25,贵州茅台,600519,如期迎来开门红，直营落地意在深远,买入,,东吴证券,,,,,,,
2019-04-25,000001,000001,一季报点评：息差回升，资产质量继续改善，净利增长提速,买入,,群益证券,,,,,,,
2019-04-25,000001,000001,2019年一季报点评：业绩提速息差增长，质量扎实拨备增厚,买入,,西南证券,,,,,,,
2019-04-09,贵州茅台,600519,2019Q1业绩预告点评：一季度超预期，价格快速攀升需防范,买入,,东兴证券,,,,,,,
2019-04-08,贵州茅台,600519,事件点评：一季度业绩超预期,买入,,东莞证券,,,,,,,
2019-04-08,贵州茅台,600519,贵州茅台：一季报数据超预期，维持目标价1030元,买入,,太平洋,,,,,,,
2019-04-08,贵州茅台,600519,4Q超预期，期待渠道改革成效,增持,,群益证券,,,,,,,
2019-04-08,贵州茅台,600519,需求强劲，业绩释放动力足，未来2年有望持续超预期,买入,,中银国际,,,,,,,
2019-04-03,贵州茅台,600519,业绩超预期，未来看直营渠道布局,买入,,华鑫证券,,,,,,,
2019-04-01,贵州茅台,600519,2018年报点评：稀缺性助力提价和结构再优化，茅台持续高增速,买入,,东兴证券,,,,,,,
2019-04-01,贵州茅台,600519,价格话语权强化，扬帆千亿基础扎实,买入,,新时代证券,,,,,,,
2019-04-01,贵州茅台,600519,2018年年报点评：量价齐升带动收入高速增长，现金流大幅改善,买入,,西南证券,,,,,,,
2019-03-31,贵州茅台,600519,2018年年报点评：茅台酒确认量超预期推动全年业绩超预期,买入,,民生证券,,,,,,,
2019-03-29,贵州茅台,600519,年报点评：量价齐升再超预期，重新定义空间和风险,买入,,太平洋,,,,,,,
2019-03-29,贵州茅台,600519,【联讯食饮】：4Q重现高增速，需求旺盛确保全年目标实现,增持,,联讯证券,,,,,,,
2019-03-29,贵州茅台,600519,2018年年报点评：Q4增速有所回升,买入,,东莞证券,,,,,,,
2019-03-29,贵州茅台,600519,18年业绩超预期，19年有望明显高于14%的增长规划,买入,,中银国际,,,,,,,
2019-03-29,贵州茅台,600519,Q4利润创新高，渠道变革助增长,买入,,东吴证券,,,,,,,
2019-03-08,000001,000001,年报点评：零售业务高歌猛进，资产质量已得到市场认可,买入,,群益证券,,,,,,,
2019-03-08,000001,000001,平安银行18年报业绩点评：零售贷款驱动业绩，净息差环比向好,增持,,民生证券,,,,,,,
2019-01-24,贵州茅台,600519,冻结经销商数量和经销商配额；重申买入评级（位于强力买入名单）（摘要）,买入,,高华证券,,,,,,,
2019-01-09,000001,000001,业绩快报点评报告：存量资产质量持续改善,增持,,万联证券,,,,,,,
2019-01-04,贵州茅台,600519,业绩预告点评：18业绩稳着陆，19结构调整茅台蓄势待发,买入,,东兴证券,,,,,,,
2019-01-04,000001,000001,平安银行：终将脱颖而出，强烈推荐,买入,,太平洋,,,,,,,
2019-01-03,贵州茅台,600519,贵州茅台：吨价提升超预期，直营增加保障未来增长,买入,,太平洋,,,,,,,
2019-01-03,贵州茅台,600519,2018年业绩和2019年指引符合预期，结构性改革启动,买入,,高华证券,,,,,,,
2019-01-03,贵州茅台,600519,4Q18超预期只是开始，2019年内部整治有望持续带来惊喜,买入,,中银国际,,,,,,,
2019-01-03,贵州茅台,600519,4Q业绩亮眼，以待来年,增持,,群益证券,,,,,,,
2019-01-02,贵州茅台,600519,事件点评：投放量保持稳健 系列酒保持快增,买入,,东莞证券,,,,,,,
2019-01-02,贵州茅台,600519,18Q4重拾高增速，19年有望维持快速增长,买入,,西南证券,,,,,,,
2018-12-25,贵州茅台,600519,茅台酒成功的秘诀-塑品牌、重渠道、传工艺,增持,,中邮证券,,,,,,,
2018-12-07,贵州茅台,600519,三个关键问题—提价、内部整治、季度业绩,买入,,中银国际,,,,,,,
2018-11-02,贵州茅台,600519,3Q出货下降使业绩承压，卖方市场延续不改长期逻辑,买入,,群益证券,,,,,,,
2018-11-02,贵州茅台,600519,三季报点评：留余力，茅台全年增速换挡稳着陆,买入,,东兴证券,,,,,,,
2018-10-30,贵州茅台,600519,高基数是营收增速回落的主因，预计4季度将回升,买入,,中银国际,,,,,,,
2018-10-29,贵州茅台,600519,三季报点评：单季放缓瑕不掩瑜，未来保持合理增长,增持,,太平洋,,,,,,,
2018-10-29,贵州茅台,600519,2018年三季报点评：Q3茅台酒微增 系列酒保持快增,增持,,东莞证券,,,,,,,
2018-10-29,贵州茅台,600519,增速放缓，批价维持在高位,买入,,西南证券,,,,,,,
2018-10-29,贵州茅台,600519,短期增速放缓，长期供需紧张,买入,,东吴证券,,,,,,,
2018-10-29,贵州茅台,600519,【联讯食品饮料】贵州茅台：高基数致茅台酒收入增速回落，预收款环比增加需求稳健,增持,,联讯证券,,,,,,,
2018-10-26,000001,000001,业绩改善符合预期，依托科技平台打造先进银行,买入,,西南证券,,,,,,,
2018-10-24,000001,000001,零售转型带动息差回升，资产质量趋势值得关注,增持,,东吴证券,,,,,,,
2018-10-24,000001,000001,平安银行：业绩小幅改善，投资收益大幅增长是主因,买入,,太平洋,,,,,,,
2018-10-24,000001,000001,三季报点评：转型零售成果显著，资产质量表现平稳,买入,,群益证券,,,,,,,
2018-10-24,000001,000001,点评报告：零售贷款保持快速增长,增持,,万联证券,,,,,,,
2018-09-07,000001,000001,借势转型聚焦零售，乘风而起修复估值,买入,,西南证券,,,,,,,
2018-08-27,000001,000001,半年报点评：速度与质量并重，业绩持续释放,买入,,中航证券,,,,,,,
2018-08-16,000001,000001,平安银行：手续费增速提升拉动业绩增长，资产质量优于同业平均水平,买入,,太平洋,,,,,,,
2018-08-16,000001,000001,半年报点评：非息收入增长强劲，零售不断突破，资产质量平稳,买入,,群益证券,,,,,,,
2018-08-16,000001,000001,平安银行18年中报业绩点评：零售贷款增速亮眼，资产质量风险可控,增持,,民生证券,,,,,,,
2018-08-16,000001,000001,2018年中报点评：信用卡业务继续放量 成本收入比上升,增持,,万联证券,,,,,,,
2018-08-16,000001,000001,零售业务稳步发展，带动中收改善,增持,,东吴证券,,,,,,,
2018-08-14,贵州茅台,600519,白酒龙头增长稳定，毛利率高位可持续,增持,,中邮证券,,,,,,,
2018-08-09,贵州茅台,600519,上半年高增长收官，看好稳健经营能力,买入,,群益证券,,,,,,,
2018-08-07,贵州茅台,600519,半年报点评：持续稳定增长胜过一切，茅台确定性带动行业投资溢价,买入,,东兴证券,,,,,,,
2018-08-03,贵州茅台,600519,需求增长强劲，预收款下降源于打款政策变化,买入,,中银国际,,,,,,,
2018-08-03,贵州茅台,600519,全力冲刺千亿目标，预收款加速确认成为常态,买入,,新时代证券,,,,,,,
2018-08-03,贵州茅台,600519,贵州茅台2018中报点评：预收款下降是表象，增长和估值回归均衡,买入,,太平洋,,,,,,,
2018-08-02,贵州茅台,600519,【联讯食品饮料】贵州茅台： 2Q增长提速，系列酒收入占比提升,增持,,联讯证券,,,,,,,
2018-08-02,贵州茅台,600519,2Q18 results in line; reiterating Buy,买入,,德意志银行,,,,,,,
2018-08-02,贵州茅台,600519,茅台酒与系列酒同增，批价上行供需仍紧张,买入,,西南证券,,,,,,,
2018-08-02,贵州茅台,600519,中报符合预期，下半年留出量增空间,买入,,东吴证券,,,,,,,
2018-07-18,贵州茅台,600519,Strong 2Q18 growth; reiterating Buy,买入,,德意志银行,,,,,,,
2018-07-18,贵州茅台,600519,上半年利润总额同比增40%，维持买入,买入,,群益证券,,,,,,,
2018-07-18,贵州茅台,600519,初步经营数据基本符合我们的预期,买入,,高华证券,,,,,,,
2018-07-17,贵州茅台,600519,“国酒”茅台，酒业龙头，行业晴雨表,买入,,新时代证券,,,,,,,
2018-07-16,贵州茅台,600519,事件点评：预计中报业绩保持快速增长 风险评级：中风险 预计中报业绩保持快速增长  ,买入,,东莞证券,,,,,,,
2018-05-03,贵州茅台,600519,2018年一季度财报点评：全年稳健增长确定性强,买入,,东兴证券,,,,,,,
2018-05-03,000001,000001,一季报点评：业绩开始释放，负债压力犹存,买入,,中航证券,,,,,,,
2018-05-02,贵州茅台,600519,业绩表现依旧稳健，理性看待预收款回落,买入,,西南证券,,,,,,,
2018-05-02,贵州茅台,600519,贵州茅台一季报点评：发货滞后影响增速，提价效应未充分显现,买入,,太平洋,,,,,,,
2018-04-20,000001,000001,资产质量企稳好转，存款成本上行拖累净息差,增持,,东吴证券,,,,,,,
2018-04-20,000001,000001,2018年1季报点评：资产质量大幅改善，零售战略积极推进,增持,,中银国际,,,,,,,
2018-04-02,贵州茅台,600519,销售均价和利润率推动四季度业绩超预期；维持强力买入,买入,,高华证券,,,,,,,
2018-04-02,贵州茅台,600519,销量大增+管理改善推动业绩高增长,增持,,国元证券,,,,,,,
2018-03-29,贵州茅台,600519,17年业绩略超预期，18年有望开门红,增持,,群益证券,,,,,,,
2018-03-28,贵州茅台,600519,需求旺盛稳定放量，稳价迎来健康发展,买入,,东吴证券,,,,,,,
2018-03-28,贵州茅台,600519,17年业绩靓丽，18年继续向上,买入,,西南证券,,,,,,,
2018-03-28,贵州茅台,600519,无需担心预收款下降，18年高增长确定,买入,,中银证券,,,,,,,
2018-03-28,贵州茅台,600519,2017年年报点评：产量稳增长 销量大增拉动业绩略超预期,买入,,东莞证券,,,,,,,
2018-03-28,贵州茅台,600519,贵州茅台2017年报点评：业绩超预期，今年更可期,买入,,太平洋,,,,,,,
2018-03-20,000001,000001,年报点评：业绩符合预期，零售贡献显著,买入,,中航证券,,,,,,,
2018-03-16,000001,000001,年报点评：零售转型深入，资产状况改善,买入,,群益证券,,,,,,,
2018-03-16,000001,000001,2017年年报点评：零售转型持续推进，关注存款改善可持续性,增持,,中银国际,,,,,,,
2018-03-15,000001,000001,零售业务业绩占比提升，资产质量稳中向好,增持,,东吴证券,,,,,,,
2018-02-01,贵州茅台,600519,2017 net profit in line,买入,,德意志银行,,,,,,,
2018-01-31,贵州茅台,600519,事件点评：业绩超预期，茅台引领行业持续高增速,买入,,东兴证券,,,,,,,
2018-01-31,贵州茅台,600519,贵州茅台跟踪点评：净利润兑现高增长，坚定基本面信心,买入,,太平洋,,,,,,,
2018-01-30,贵州茅台,600519,Increasing risk of over supply in 2018,买入,,德意志银行,,,,,,,
2018-01-04,贵州茅台,600519,提价靴子落地，业绩有望保持高增长,买入,,群益证券,,,,,,,
2017-12-29,贵州茅台,600519,提价终落地，情理之中而又预期之外,买入,,西南证券,,,,,,,
2017-12-29,贵州茅台,600519,事件点评：2018年提价18%左右 业绩有望保持较快增长,买入,,东莞证券,,,,,,,
2017-12-29,贵州茅台,600519,贵州茅台提价点评：及时提价，提价幅度符合预期，18年目标价810元,买入,,太平洋,,,,,,,
2017-12-22,贵州茅台,600519,系列酒收入超出预期，正成为重要的增长极,买入,,高华证券,,,,,,,
2017-12-08,贵州茅台,600519,产能扩张将推动长期增长,买入,,高华证券,,,,,,,
2017-11-20,贵州茅台,600519,How much Moutai is stored in channels now?,买入,,德意志银行,,,,,,,
2017-11-17,贵州茅台,600519,新零售模式：借助云商平台重获控制权；强力买入（摘要）,买入,,高华证券,,,,,,,
2017-11-14,000001,000001,科技助力转型，转化集团优势为竞争力,买入,,交银国际证券,,,,,,,
2017-10-30,贵州茅台,600519,三季报点评：业绩超预期，大市值获支撑，维持660目标价,买入,,太平洋,,,,,,,
2017-10-27,贵州茅台,600519,Q3业绩大超市场预期，茅台展现王者雄风,买入,,西南证券,,,,,,,
2017-10-27,贵州茅台,600519,【联讯食品饮料公司点评】贵州茅台：三季度发货量大增，业绩超预期,增持,,联讯证券,,,,,,,
2017-10-27,贵州茅台,600519,2017年前三季度净利润增长60%，龙头地位无可撼动,买入,,群益证券,,,,,,,
2017-10-27,贵州茅台,600519,旺季放量业绩大超预期，或带动消费龙头估值全面提升,买入,,东吴证券,,,,,,,
2017-10-27,贵州茅台,600519,发货迅速、需求强劲推动业绩高于预期；买入（位于强力买入名单）,买入,,高华证券,,,,,,,
2017-10-27,贵州茅台,600519,三季度财报点评：不断超预期,买入,,东兴证券,,,,,,,
2017-10-27,贵州茅台,600519,3Q17 result strong beat; reiterating Buy,买入,,德意志银行,,,,,,,
2017-10-24,000001,000001,三季报点评：业绩符合预期，资产状况稳定，零售转型显著,买入,,群益证券,,,,,,,
2017-10-24,000001,000001,平安银行三季报点评：零售转型持续推进；资产质量稳定,买入,,太平洋,,,,,,,
2017-10-22,000001,000001,三季报点评：零售转型成效显现，资产质量好转可期,增持,,东吴证券,,,,,,,
2017-10-16,贵州茅台,600519,贵州茅台跟踪点评：量增价稳，三季报乐观，上调盈利预测和目标价至660,买入,,太平洋,,,,,,,
2017-10-13,贵州茅台,600519,贵州茅台跟踪点评：量增价稳，三季报乐观，上调盈利预测和目标价至660元,买入,,太平洋,,,,,,,
2017-10-06,贵州茅台,600519,3Q preview:strong sales growth withhigh visibility;reiterating Buy,买入,,德意志银行,,,,,,,
2017-09-25,贵州茅台,600519,Channel check feedback: fighting with channel stocking,买入,,德意志银行,,,,,,,
2017-08-16,贵州茅台,600519,Increasing ex-factory supply; sales growth to speed up in 3Q17,买入,,德意志银行,,,,,,,
2017-08-14,000001,000001,零售突破，对公做精,买入,,交银国际证券,,,,,,,
2017-08-14,000001,000001,半年报点评：业绩增长平稳，资产品质整体可控,买入,,群益证券,,,,,,,
2017-08-14,000001,000001,2017年中报点评：业绩表现低于预期,增持,,东莞证券,,,,,,,
2017-08-12,000001,000001,中期业绩发布会交流纪要：零售转型启航，不良处置力度加大,增持,,东吴证券,,,,,,,
2017-08-11,000001,000001,平安银行半年报点评：不良率小幅上升；零售业务贡献度继续提升,买入,,太平洋,,,,,,,
2017-08-04,000001,000001,可转债如转股预计提升18年核心CAR约1个百分点,买入,,交银国际证券,,,,,,,
2017-08-04,贵州茅台,600519,上半年无量业绩优异，下半年放量+低基数业绩加速增长,买入,,东吴证券,,,,,,,
2017-05-18,000001,000001,息差环比降幅大，不良生成速度放缓,买入,,交银国际证券,,,,,,,
2017-04-25,000001,000001,2017年一季报点评：负债成本上升显著，不良率持平,增持,,东莞证券,,,,,,,
2017-03-22,000001,000001,年报点评：营收符合预期，资产质量有改善趋势,增持,,华融证券,,,,,,,
2017-03-20,000001,000001,2016年年报点评：业绩低于预期，估值水平低于同业,增持,,东莞证券,,,,,,,
2017-03-07,000001,000001,零售金融盈利贡献度大幅提升，息差环比回升,买入,,交银国际证券,,,,,,,
